 Rk,Pass Coverage Player,Pass Coverage Age,Pass Coverage Team,Pass Coverage Pos,Pass Coverage GAME,Pass Coverage GameStart,Pass Coverage Int,Pass Coverage Tgt,Pass Coverage Cmp,Pass Coverage Cmp%,Pass Coverage Yds,Pass Coverage Yds/Cmp,Pass Rush Yds/Tgt,Pass Rush TD,Pass Rush Rat,Pass Rush DADOT,Pass Rush Air,Pass Rush YAC,Tackles Bltz,Tackles Hrry,Tackles QBKD,additional Bats, Sk, Prss, Comb, MTkl, MTkl%
1,Jordyn Brooks,28,MIA,LB,11,11,0,58,46,79.3,475,10.3,8.2,1,106.5,3.3,154,321,23,3,0,0,2.5,6,125,5,3.8
2,Jack Campbell,25,DET,LB,12,12,0,40,29,72.5,245,8.4,6.1,3,113,4.7,78,167,50,5,1,0,4,10,117,3,2.5
3,Cedric Gray,23,TEN,LB,11,11,0,40,32,80,287,9,7.2,1,104.9,2.3,44,243,24,2,1,0,1,4,109,4,3.5
4,Bobby Wagner,35,WAS,MLB,11,11,1,35,24,68.6,292,12.2,8.3,2,101.1,2.6,67,225,30,1,3,0,2,6,107,3,2.7
5,Bobby Okereke,29,NYG,LB,12,12,0,48,30,62.5,291,9.7,6.1,2,93.3,3.9,115,176,16,0,0,0,1,1,103,3,2.8
6,Devin White,27,LVR,LB,11,11,1,54,39,72.2,269,6.9,5,0,75.3,2.1,105,164,44,1,3,0,1,5,103,15,12.7
7,Demario Davis,36,NOR,LB,11,11,0,27,21,77.8,199,9.5,7.4,2,122.1,3.1,27,172,16,1,1,0,0,2,102,11,9.7
8,Jamien Sherwood,25,NYJ,LB,11,10,0,40,32,80,313,9.8,7.8,2,115.9,4.8,103,210,32,1,2,2,1,4,102,7,6.4
9,Nick Bolton,25,KAN,LB,12,12,0,59,48,81.4,472,9.8,8,2,111.3,3.6,127,345,54,2,4,1,0,6,100,10,9.1
10,Nathan Landman,27,LAR,LB,11,11,0,42,31,73.8,302,9.7,7.2,3,117.4,3.2,104,198,24,3,2,1,1.5,7,98,7,6.7
11,Zack Baun,29,PHI,LB,12,12,1,40,29,72.5,198,6.8,5,0,72.7,3.8,77,121,41,0,2,0,3,5,96,12,11.1
12,Carson Schwesinger,22,CLE,LB,11,11,2,29,23,79.3,245,10.7,8.4,4,112.7,1.8,45,200,41,1,2,0,1.5,5,96,8,7.7
13,Robert Spillane,30,NWE,LB,12,12,2,47,38,80.9,372,9.8,7.9,0,81.9,3.9,144,228,30,3,0,0,1,4,95,9,8.7
14,Jordan Battle,25,CIN,S,12,12,3,31,18,58.1,366,20.3,11.8,2,81.6,13.7,205,161,8,0,0,0,0,0,92,16,14.8
15,Christian Rozeboom,28,CAR,LB,11,11,0,56,40,71.4,369,9.2,6.6,1,95,3.5,131,238,15,1,0,0,0,1,91,14,13.3
16,Foyesade Oluokun,30,JAX,LB,11,11,1,51,44,86.3,397,9,7.8,0,90.9,3,121,276,54,1,2,3,1,4,90,16,15.1
17,Roquan Smith,28,BAL,LB,10,10,0,45,32,71.1,239,7.5,5.3,1,90.9,3.8,125,114,39,2,4,0,0,6,90,7,7.2
18,Tremaine Edmunds,27,CHI,LB,10,10,4,47,36,76.6,326,9.1,6.9,1,66.4,5.6,158,168,30,1,1,1,1,3,89,5,5.3
19,Alex Singleton,32,DEN,LB,10,10,0,40,31,77.5,430,13.9,10.8,3,136.5,5.3,180,250,24,2,2,0,1,5,89,7,7.3
20,Payton Wilson,25,PIT,LB,11,4,1,38,34,89.5,301,8.9,7.9,2,106.2,5.4,178,123,40,1,1,1,1,3,89,7,7.3
21,Teddye Buchanan,23,BAL,LB,12,11,0,30,23,76.7,197,8.6,6.6,1,104.4,3.2,71,126,32,3,1,0,0.5,5,87,6,6.5
22,Chamarri Conner,25,KAN,DB,12,12,0,38,29,76.3,302,10.4,7.9,2,116.3,5.3,147,155,24,0,1,0,1,2,87,9,9.4
23,Kamren Curl,26,LAR,S,11,11,2,49,36,73.5,415,11.5,8.5,1,88.4,9.6,295,120,5,2,0,0,1,3,87,4,4.4
24,Tyrel Dodson,27,MIA,LB,10,10,0,39,32,82.1,339,10.6,8.7,3,128.5,5.8,170,169,19,2,1,0,4,7,87,8,8.4
25,Edgerrin Cooper,24,GNB,LB,12,12,0,59,46,78,302,6.6,5.1,2,99.3,2.3,87,215,32,1,1,0,0.5,3,86,11,11.3
26,Tykee Smith,24,TAM,S,11,11,1,42,26,61.9,307,11.8,7.3,0,74.2,9.4,175,132,18,2,2,3,2,6,85,6,6.6
27,Geno Stone,26,CIN,S,12,12,2,34,23,67.6,366,15.9,10.8,3,108.2,9.9,195,171,16,1,2,0,1,4,84,17,16.8
28,Quay Walker,25,GNB,LB,10,10,0,44,35,79.5,269,7.7,6.1,2,107.3,5,134,135,30,0,5,0,1.5,7,84,4,4.5
29,Barrett Carter,23,CIN,LB,12,7,0,46,41,89.1,478,11.7,10.4,2,124.5,5,193,285,17,1,0,0,0,1,83,13,13.5
30,Demetrius Knight,25,CIN,LB,12,9,2,37,27,73,278,10.3,7.5,1,80.7,3.6,47,231,11,0,2,1,0,2,83,14,14.4
31,Patrick Queen,26,PIT,LB,11,11,0,57,36,63.2,388,10.8,6.8,1,88.9,4.7,140,248,49,2,3,1,1,6,83,13,13.5
32,Germaine Pratt,29,2TM,LB,10,10,0,36,24,66.7,279,11.6,7.8,1,99.2,6.2,133,146,24,0,0,1,0,0,83,4,4.6
33,Germaine Pratt,29,LVR,LB,4,4,0,13,6,46.2,70,11.7,5.4,0,63,7.5,40,30,10,0,0,0,0,0,25,0,0
34,Germaine Pratt,29,IND,LB,6,6,0,23,18,78.3,209,11.6,9.1,1,119,5.4,93,116,14,0,0,1,0,0,58,4,6.5
35,Tre'von Moehrig,26,CAR,S,12,12,1,50,39,78,287,7.4,5.7,1,88.9,4.1,134,153,23,2,4,0,1,7,81,5,5.8
36,Evan Williams,24,GNB,S,12,11,3,30,22,73.3,295,13.4,9.8,2,86.8,11.9,245,50,4,0,0,1,0,0,80,5,5.9
37,Budda Baker,29,ARI,S,11,11,1,42,29,69,388,13.4,9.2,1,96.1,8.1,211,177,23,3,0,0,0.5,4,78,6,7.1
38,Dane Belton,25,NYG,S,12,4,0,30,21,70,206,9.8,6.9,1,100.1,8,121,85,5,1,0,0,0,1,78,2,2.5
39,Lavonte David,35,TAM,LB,11,11,1,46,37,80.4,335,9.1,7.3,3,109.7,6.2,191,144,38,3,2,0,2.5,8,78,10,11.4
40,Dee Winters,25,SFO,LB,12,12,0,64,50,78.1,336,6.7,5.3,2,99,2.8,94,242,35,3,3,0,0,6,78,11,12.4
41,Nick Cross,24,IND,S,11,11,1,44,27,61.4,330,12.2,7.5,2,90.2,8.8,206,124,20,2,2,0,2.5,7,77,8,9.4
42,Jeremy Chinn,27,LVR,S,11,11,0,39,30,76.9,333,11.1,8.5,3,127.4,5.1,148,185,14,0,0,0,0,0,76,9,10.6
43,Kyle Hamilton,24,BAL,S,11,11,0,31,23,74.2,194,8.4,6.3,3,122.2,6.8,106,88,35,2,3,2,1,6,76,4,5
44,Talanoa Hufanga,26,DEN,S,11,11,0,41,24,58.5,263,11,6.4,2,93.9,7.1,124,139,8,0,1,1,2,3,76,7,8.4
45,Devin Bush Jr.,27,CLE,LB,11,11,1,23,17,73.9,136,8,5.9,0,70.2,3.3,43,93,39,1,2,0,2,5,75,6,7.4
46,Akeem Davis-Gaither,28,ARI,LB,11,9,1,33,26,78.8,332,12.8,10.1,4,135.5,6.4,170,162,14,2,1,0,0,3,75,6,7.4
47,Blake Cashman,29,MIN,LB,7,7,0,16,13,81.3,159,12.2,9.9,0,108.1,4.4,66,93,39,3,1,0,0,4,74,2,2.6
48,Kaden Elliss,30,ATL,LB,11,11,1,40,31,77.5,221,7.1,5.5,4,112.6,1,9,212,69,4,6,1,3.5,14,74,4,5.1
49,Zaire Franklin,29,IND,LB,11,11,0,44,32,72.7,336,10.5,7.6,2,109.7,6.2,169,167,43,4,4,1,2,10,74,13,14.9
50,Daxton Hill,25,CIN,CB,12,12,1,64,43,67.2,428,10,6.7,2,89.8,6,188,240,13,1,0,1,0,1,74,8,9.8
51,Eric Wilson,31,MIN,LB,11,10,0,27,19,70.4,140,7.4,5.2,1,94.7,3.4,50,90,60,5,2,0,3.5,11,74,10,11.9
52,Xavier McKinney,27,GNB,S,12,12,2,28,17,60.7,189,11.1,6.8,0,51,11.6,131,58,2,0,0,0,1,1,73,4,5.2
53,Alex Anzalone,31,DET,LB,12,12,1,36,21,58.3,173,8.2,4.8,1,68.4,6.2,92,81,37,5,3,0,1.5,10,72,3,4
54,Cooper DeJean,22,PHI,DB,12,12,1,55,34,61.8,449,13.2,8.2,1,86.1,10.3,252,197,5,0,1,0,0,1,72,3,4
55,Daiyan Henley,26,LAC,LB,11,11,1,38,29,76.3,243,8.4,6.4,1,90.1,3.1,43,200,22,3,1,0,3,7,72,3,4
56,Jalen Thompson,27,ARI,S,11,11,0,46,29,63,343,11.8,7.5,1,92.9,10.4,235,108,12,0,0,0,1,1,72,2,2.7
57,Azeez Al-Shaair,28,HOU,LB,11,11,0,35,24,68.6,231,9.6,6.6,2,105.8,3.8,65,166,16,0,2,2,0,2,71,6,7.8
58,Jessie Bates III,28,ATL,S,11,11,2,29,17,58.6,185,10.9,6.4,2,71.8,8.3,129,56,6,0,1,0,0,1,71,5,6.6
59,SirVocea Dennis,25,TAM,LB,11,11,1,42,37,88.1,513,13.9,12.2,2,123.5,5,169,344,35,1,2,2,2,5,71,12,14.5
60,Ernest Jones,26,SEA,LB,9,9,3,31,25,80.6,238,9.5,7.7,0,59.1,4.3,90,148,19,2,1,0,0.5,4,71,9,11.3
61,Quan Martin,25,WAS,S,11,11,0,37,28,75.7,627,22.4,16.9,3,144.3,11.8,305,322,5,0,2,0,0,2,71,8,10.1
62,Josh Metellus,27,MIN,S,11,11,2,41,24,58.5,296,12.3,7.2,4,93.1,7.9,187,109,11,1,2,0,0.5,4,71,6,7.8
63,Kenneth Murray,27,DAL,MLB,12,12,0,36,31,86.1,320,10.3,8.9,1,113,3.2,105,215,17,0,2,0,1,3,70,7,9.1
64,Brian Branch,24,DET,DB,11,11,0,32,17,53.1,213,12.5,6.7,1,84.5,11.1,161,52,14,1,1,0,2.5,5,69,2,2.8
65,Andrew Wingard,29,JAX,S,11,11,1,53,29,54.7,433,14.9,8.2,2,86.4,10.9,267,166,25,3,1,0,0,4,69,8,10.4
66,Ronnie Hickman,24,CLE,S,11,11,2,29,19,65.5,236,12.4,8.1,1,73.3,6.7,94,142,2,0,0,0,0,0,68,9,11.7
67,Tatum Bethune,24,SFO,LB,11,5,0,19,15,78.9,153,10.2,8.1,1,117.8,6.9,101,52,8,0,0,0,0,0,67,0,0
68,Isaiah McDuffie,26,GNB,LB,12,8,1,21,15,71.4,90,6,4.3,0,59.6,1.3,20,70,8,0,0,0,1,2,66,5,7
69,Nick Scott,30,CAR,S,12,12,0,36,20,55.6,360,18,10,2,108.6,16.3,230,130,0,0,0,0,0,0,66,7,9.6
70,Kevin Byard,32,CHI,DB,12,12,6,31,19,61.3,315,16.6,10.2,4,95.5,13.3,215,100,1,0,0,0,0,0,65,5,7.1
71,Minkah Fitzpatrick,29,MIA,S,11,11,1,36,22,61.1,230,10.5,6.4,1,77.3,8.4,116,114,11,2,1,0,0,3,65,6,8.5
72,Derwin James,29,LAC,S,11,11,1,37,22,59.5,217,9.9,5.9,1,73.8,3.4,56,161,28,1,5,1,1.5,8,65,8,11
73,Brandon Jones,27,DEN,S,11,11,1,40,19,47.5,248,13.1,6.2,0,57.1,9.9,103,145,9,1,1,0,0.5,3,65,8,11
74,Malaki Starks,22,BAL,S,12,11,2,31,19,61.3,316,16.6,10.2,1,79.5,13.9,241,75,9,2,1,0,0,3,65,5,7.1
75,Reed Blankenship,26,PHI,S,12,12,1,22,14,63.6,213,15.2,9.7,1,91.7,12.5,168,45,2,0,0,0,0,0,64,6,8.6
76,Xavier Watts,24,ATL,S,11,11,3,35,24,68.6,353,14.7,10.1,4,103.6,12.5,215,138,2,1,0,0,0,1,64,7,9.9
77,Tyson Campbell,25,2TM,CB,11,11,1,68,37,54.4,546,14.8,8,4,94.4,12.8,398,148,1,0,1,0,0,1,64,5,7.2
78,Tyson Campbell,25,JAX,CB,5,5,0,37,19,51.4,306,16.1,8.3,3,106.4,12.3,226,80,1,0,0,0,0,0,34,2,5.6
79,Tyson Campbell,25,CLE,CB,6,6,1,31,18,58.1,240,13.3,7.7,1,80,13.4,172,68,0,0,1,0,0,1,30,3,9.1
80,Kamari Lassiter,22,HOU,CB,11,11,2,64,39,60.9,470,12.1,7.3,3,86.1,9.9,266,204,5,0,0,0,0,0,63,5,7.4
81,Isaiah Pola-Mao,26,LVR,S,11,11,2,44,30,68.2,494,16.5,11.2,6,126.3,13.4,332,162,4,0,0,0,0,0,63,10,13.7
82,Jeremy Reaves,29,WAS,S,11,7,0,27,21,77.8,235,11.2,8.7,1,115.3,4.9,82,153,4,0,1,0,1,2,63,9,12.5
83,DaRon Bland,26,DAL,CB,10,10,1,62,40,64.5,485,12.1,7.8,4,103.2,9,311,174,8,0,0,0,0,0,62,6,8.8
84,Jaquan Brisker,26,CHI,DB,12,12,1,28,21,75,220,10.5,7.9,3,118.2,9.1,152,68,33,1,2,2,1,4,62,7,10.1
85,Trent McDuffie,25,KAN,CB,12,12,1,50,30,60,263,8.8,5.3,2,79,9.1,162,101,20,0,0,0,1,1,62,3,4.6
86,Pete Werner,26,NOR,LB,11,9,0,30,22,73.3,251,11.4,8.4,0,98.1,5.8,117,134,14,0,1,0,2,3,62,12,16.2
87,Cole Bishop,23,BUF,S,11,11,3,36,21,58.3,302,14.4,8.4,1,60.2,11.8,213,89,13,2,0,0,2,4,61,6,9
88,Shemar James,21,DAL,LB,9,4,0,29,24,82.8,224,9.3,7.7,2,121.8,1.8,51,173,23,1,3,0,1,5,61,1,1.6
89,Quentin Lake,26,LAR,S,10,10,1,47,29,61.7,353,12.2,7.5,1,83,7.9,240,113,13,0,1,2,1,2,61,2,3.2
90,Derrick Barnes,26,DET,LB,12,12,0,16,15,93.8,157,10.5,9.8,1,128.4,2.5,39,118,40,1,1,1,4,6,60,3,4.8
91,Cody Barton,29,TEN,LB,11,11,3,37,20,54.1,203,10.2,5.5,2,54.2,5.9,114,89,22,1,0,0,1,2,60,7,10.4
92,Mack Wilson,27,ARI,LB,8,8,1,34,27,79.4,215,8,6.3,0,80.8,3.7,88,127,9,2,1,1,0,3,60,8,11.8
93,Javon Bullard,23,GNB,S,12,5,0,42,32,76.2,235,7.3,5.6,0,88.9,3.7,73,162,7,0,0,0,0,0,59,4,6.3
94,Amani Hooker,27,TEN,S,11,11,0,45,30,66.7,481,16,10.7,3,124.4,10.6,324,157,7,2,0,1,1,3,59,7,10.6
95,Justin Reid,28,NOR,S,11,11,1,33,24,72.7,224,9.3,6.8,3,108.6,6.3,102,122,9,1,0,0,0.5,2,59,7,10.6
96,Henry To'oTo'o,24,HOU,LB,11,8,0,32,22,68.8,171,7.8,5.3,1,92.1,3.6,40,131,14,1,0,1,2.5,4,59,14,19.2
97,Christian Elliss,26,NWE,LB,10,8,0,23,20,87,175,8.8,7.6,0,98.4,3.4,76,99,17,1,2,0,0,3,58,5,7.9
98,Frankie Luvu,29,WAS,LB,11,11,0,23,19,82.6,170,8.9,7.4,1,112,1.7,29,141,43,0,1,1,2,3,58,14,19.4
99,Tyler Nubin,24,NYG,S,10,10,0,33,25,75.8,265,10.6,8,4,138.3,4.6,97,168,12,1,0,0,0,1,58,7,10.8
100,Drake Thomas,25,SEA,LB,11,8,0,40,28,70,251,9,6.3,0,86.6,3,52,199,31,0,1,0,3,4,58,10,14.7
101,Zyon McCollum,26,TAM,CB,10,10,0,70,43,61.4,532,12.4,7.6,6,113.5,10.5,403,129,1,0,0,0,0,0,57,4,6.6
102,Upton Stout,23,SFO,CB,11,3,0,51,39,76.5,434,11.1,8.5,0,101.3,6.8,257,177,25,2,1,0,1,4,57,4,6.6
103,Craig Woodson,24,NWE,S,12,11,0,40,25,62.5,329,13.2,8.2,7,128,12.1,246,83,10,1,0,0,0,1,57,3,5
104,Terrel Bernard,26,BUF,LB,10,10,1,23,15,65.2,202,13.5,8.8,0,74.9,7,128,74,18,3,2,0,0,5,56,5,8.2
105,Keisean Nixon,28,GNB,CB,12,12,0,61,38,62.3,407,10.7,6.7,2,92.7,11,309,98,0,0,0,0,0,0,56,3,5.1
106,Jalen Ramsey,31,PIT,CB,11,11,1,61,42,68.9,462,11,7.6,5,111.5,7.6,308,154,12,1,1,0,2,4,56,6,9.7
107,Brandon Stephens,28,NYJ,CB,11,11,0,62,41,66.1,447,10.9,7.2,6,119.5,8.2,254,193,5,1,0,0,0,1,56,5,8.2
108,Alontae Taylor,27,NOR,CB,11,10,1,62,45,72.6,356,7.9,5.7,5,106.7,6.2,156,200,17,0,0,0,1,1,56,5,8.2
109,Antoine Winfield Jr.,27,TAM,S,11,11,1,36,19,52.8,313,16.5,8.7,3,98.5,12.4,195,118,31,1,2,0,1,4,56,4,6.7
110,Alohi Gilman,28,2TM,S,12,12,0,29,17,58.6,310,18.2,10.7,2,118.5,9.8,135,175,3,1,1,0,0,2,56,11,16.4
111,Alohi Gilman,28,LAC,S,5,5,0,12,6,50,113,18.8,9.4,1,110.8,9.3,68,45,0,0,0,0,0,0,22,3,12
112,Alohi Gilman,28,BAL,S,7,7,0,17,11,64.7,197,17.9,11.6,1,123.9,10.1,67,130,3,1,1,0,0,2,34,8,19
113,Kamren Kinchens,23,LAR,S,11,7,2,26,19,73.1,193,10.2,7.4,1,74.7,7.5,137,56,4,0,1,0,0,1,55,4,6.8
114,Elandon Roberts,31,LVR,LB,11,10,0,13,9,69.2,126,14,9.7,0,100.2,5,61,65,14,1,0,0,0,1,55,6,9.8
115,Jonas Sanker,23,NOR,S,11,10,1,21,12,57.1,233,19.4,11.1,2,107.8,19,164,69,0,0,0,0,0,0,55,5,8.3
116,Noah Sewell,23,CHI,LB,9,7,0,34,28,82.4,263,9.4,7.7,3,128.3,4.4,97,166,14,2,0,0,0,2,55,9,14.1
117,Drue Tranquill,30,KAN,LB,12,12,0,24,22,91.7,258,11.7,10.8,2,139.2,2,41,217,54,1,0,0,2,3,55,2,3.5
118,Brian Burns,27,NYG,OLB,12,12,0,13,11,84.6,55,5,4.2,0,84.3,-0.2,5,50,29,8,9,5,13,30,54,4,6.9
119,Grant Delpit,27,CLE,S,11,10,1,32,20,62.5,216,10.8,6.8,2,90.1,6.2,93,123,28,1,2,0,1,4,54,3,5.3
120,Nahshon Wright,27,CHI,CB,12,11,5,67,39,58.2,491,12.6,7.3,5,74.9,11.8,349,142,0,0,1,0,0,1,54,6,10
121,Logan Wilson,29,2TM,LB,11,7,0,34,26,76.5,258,9.9,7.6,3,126.8,4.8,88,170,7,1,0,1,0,1,54,7,11.5
122,Logan Wilson,29,CIN,LB,8,7,0,27,22,81.5,229,10.4,8.5,3,139,4.4,85,144,7,1,0,1,0,1,46,7,13.2
123,Logan Wilson,29,DAL,LB,3,0,0,7,4,57.1,29,7.3,4.1,0,67,6.1,3,26,0,0,0,0,0,0,8,0,0
124,Coby Bryant,26,SEA,FS,11,11,2,33,21,63.6,254,12.1,7.7,1,72,10.8,177,77,4,0,0,0,0,0,53,14,20.9
125,Jihaad Campbell,21,PHI,LB,12,8,1,28,18,64.3,206,11.4,7.4,1,83.3,4.4,60,146,27,0,1,0,0,1,53,4,7
126,Mike Sainristil,25,WAS,CB,11,8,3,53,36,67.9,485,13.5,9.2,6,111,8.6,270,215,5,0,0,0,0,0,53,7,11.7
127,Byron Young,27,LAR,OLB,11,11,0,12,10,83.3,59,5.9,4.9,0,87.2,2.9,24,35,17,9,9,0,9,28,53,1,1.9
128,Jarvis Brownlee,24,2TM,CB,9,4,0,48,35,72.9,265,7.6,5.5,1,92.8,4.6,106,159,3,1,0,0,0,1,53,2,3.6
129,Jarvis Brownlee,24,TEN,CB,2,2,0,10,8,80,61,7.6,6.1,1,125.4,5.5,24,37,1,1,0,0,0,1,17,0,0
130,Jarvis Brownlee,24,NYJ,CB,7,2,0,38,27,71.1,204,7.6,5.4,0,83.7,4.4,82,122,2,0,0,0,0,0,36,2,5.3
131,Leo Chenal,25,KAN,LB,12,10,1,12,9,75,70,7.8,5.8,1,81.9,4.9,27,43,28,1,2,0,1.5,5,52,3,5.5
132,Riley Moss,25,DEN,CB,11,11,0,71,40,56.3,505,12.6,7.1,2,88.1,13.2,424,81,1,0,0,0,0,0,52,2,3.7
133,Trevin Wallace,22,CAR,LB,10,10,0,38,26,68.4,203,7.8,5.3,1,90.1,3.4,61,142,23,1,2,0,2,5,52,3,5.5
134,Fred Warner,29,SFO,LB,6,6,0,26,15,57.7,142,9.5,5.5,0,72.9,5.5,64,78,5,0,0,1,0,0,51,2,3.8
135,Jaylen Watson,27,KAN,CB,12,12,2,44,27,61.4,326,12.1,7.4,0,65.2,11.5,213,113,10,0,0,1,1,1,51,1,1.9
136,Bryan Cook,26,KAN,S,12,12,0,30,23,76.7,324,14.1,10.8,3,144.3,9.8,221,103,1,1,0,0,0,1,50,3,5.7
137,Maxx Crosby,28,LVR,DE,11,11,1,3,2,66.7,1,0.5,0.3,0,30.6,-4,-7,8,2,6,10,6,6,22,50,6,10.7
138,Marcus Jones,27,NWE,CB,12,6,3,65,40,61.5,394,9.9,6.1,5,85,6.9,163,231,14,1,0,0,1,2,50,4,7.4
139,Tyrice Knight,25,SEA,LB,10,4,0,20,19,95,227,11.9,11.4,0,114,3.5,67,160,9,0,0,0,2,2,50,4,7.4
140,Malachi Moore,24,NYJ,DB,11,8,0,26,14,53.8,201,14.4,7.7,0,79.2,12.1,96,105,5,0,0,0,0,0,50,5,9.1
141,Byron Murphy,27,MIN,CB,11,11,0,55,34,61.8,375,11,6.8,3,100.2,8.4,275,100,7,1,0,0,0,1,50,5,9.1
142,Ivan Pace,25,MIN,LB,11,6,0,15,10,66.7,80,8,5.3,0,79.9,2.9,32,48,30,3,5,0,1,9,50,7,12.3
143,Jacob Parrish,21,TAM,CB,11,4,1,47,33,70.2,331,10,7,2,95.3,5.9,110,221,13,1,1,0,2,4,50,4,7.4
144,Andru Phillips,24,NYG,CB,12,5,2,65,45,69.2,478,10.6,7.4,3,93,6.9,281,197,11,0,0,0,0,0,50,5,9.1
145,Jordan Davis,25,PHI,DT,12,12,0,1,0,0,0,0,0,39.6,-5,0,0,0,1,1,6,3,5,49,2,3.9,DaviJo03
146,Troy Dye,29,LAC,LB,10,5,0,12,11,91.7,151,13.7,12.6,1,146.5,6.9,53,98,10,0,1,1,1,2,49,5,9.3
147,Jack Gibbens,27,NWE,LB,12,4,0,21,19,90.5,151,7.9,7.2,0,96.6,4,64,87,12,1,0,0,0,1,49,3,5.8
148,Marques Sigle,23,SFO,S,10,7,0,29,25,86.2,357,14.3,12.3,3,152.4,11.9,316,41,3,1,0,0,0,1,49,4,7.5
149,Omar Speights,24,LAR,LB,10,10,0,26,16,61.5,128,8,4.9,0,73.9,4.3,75,53,7,0,0,0,0,0,49,2,3.9
150,Donovan Wilson,30,DAL,S,10,10,2,22,17,77.3,202,11.9,9.2,5,106.4,8,128,74,14,3,0,0,0,3,49,9,15.5
151,Paulson Adebo,26,NYG,CB,7,7,0,55,35,63.6,418,11.9,7.6,1,92.8,10.7,279,139,1,0,0,0,0,0,48,4,7.7
152,Ji'Ayir Brown,25,SFO,S,12,8,2,26,18,69.2,186,10.3,7.2,1,70.4,9,106,80,6,0,0,0,0,0,48,4,7.7
153,Camryn Bynum,27,IND,S,11,11,2,25,16,64,265,16.6,10.6,2,92.9,11.2,152,113,8,1,0,0,1,2,48,4,7.7
154,Kool-Aid McKinstry,23,NOR,CB,11,11,2,61,39,63.9,572,14.7,9.4,7,119,10.8,401,171,1,0,0,0,0,0,48,3,5.9
155,Justin Strnad,29,DEN,LB,11,7,1,17,12,70.6,104,8.7,6.1,0,61.9,3.2,31,73,33,1,3,0,3.5,8,48,4,7.7
156,Carlton Davis,28,NWE,CB,12,12,0,51,28,54.9,275,9.8,5.4,4,96.4,11.2,190,85,5,0,1,0,0,1,47,2,4.1
157,Jaylinn Hawkins,28,NWE,S,10,10,2,26,16,61.5,224,14,8.6,3,95.7,12.2,142,82,7,1,1,0,1.5,4,47,2,4.1
158,Ty Okada,26,SEA,FS,11,8,1,35,24,68.6,286,11.9,8.2,3,109.9,8.7,216,70,8,1,0,0,1.5,3,47,3,6
159,Nate Wiggins,22,BAL,CB,12,11,3,74,43,58.1,437,10.2,5.9,2,67.2,10.5,312,125,0,0,0,0,0,0,47,5,9.6
160,Mekhi Blackmon,26,IND,CB,11,7,2,51,32,62.7,285,8.9,5.6,2,74.4,7.8,189,96,0,0,0,0,1,1,46,7,13.2
161,Christian Gonzalez,23,NWE,CB,9,9,0,63,35,55.6,425,12.1,6.7,1,81.8,10.4,325,100,0,0,0,0,0,0,46,1,2.1
162,B.J. Hill,30,CIN,DT,12,12,0,3,2,66.7,22,11,7.3,0,88.2,-4.7,-10,32,0,1,1,0,2,4,46,1,2.1
163,Marlon Humphrey,29,BAL,CB,10,10,1,49,31,63.3,449,14.5,9.2,1,91.3,9.9,237,212,12,1,0,0,1,2,46,7,13.2
164,Andrew Mukuba,23,PHI,S,11,10,2,25,16,64,308,19.3,12.3,3,113,10,113,195,2,0,0,0,0.5,1,46,6,11.5
165,Jalen Pitre,26,HOU,S,8,7,3,31,22,71,247,11.2,8,0,54.8,6.1,124,123,24,1,0,1,0,1,46,8,14.8
166,Tyrique Stevenson,25,CHI,DB,10,10,1,51,30,58.8,492,16.4,9.6,1,89.7,11,317,175,0,0,0,0,0,0,46,4,8
167,Renardo Green,25,SFO,CB,11,11,0,56,30,53.6,363,12.1,6.5,1,79.7,13.6,268,95,0,0,0,0,0,0,45,3,6.3
168,Reddy Steward,24,DAL,CB,12,2,0,25,21,84,208,9.9,8.3,0,101.3,5.6,78,130,13,1,0,0,1,2,45,4,8.2
169,Leonard Williams,31,SEA,DE,11,11,0,2,1,50,-1,-1,-0.5,0,56.2,-5.5,-7,6,0,7,10,1,6,25,45,5,10
170,Myles Garrett,30,CLE,DE,11,11,0,0,0,0,0,0,0,1,8,8,0,18,35,44,1,2.2,GarrMy00,,,,
171,Cameron Heyward,36,PIT,DT,11,11,0,1,1,100,-2,-2,-2,0,79.2,-7,-7,5,0,1,1,6,1.5,4,44,1,2.2
172,Quincy Williams,29,NYJ,LB,7,6,0,22,15,68.2,105,7,4.8,1,93.9,0.3,2,103,22,0,1,1,2.5,4,44,10,18.5
173,Derrick Brown,27,CAR,DT,12,12,0,1,0,0,0,0,0,39.6,-2,0,0,0,2,4,5,3,10,43,2,4.4,BrowDe05
174,Nick Emmanwori,21,SEA,S,8,5,0,38,26,68.4,249,9.6,6.6,2,103.9,5.1,76,173,16,2,0,0,0.5,3,43,3,6.5
175,Jevon Holland,25,NYG,S,10,10,1,25,14,56,166,11.9,6.6,1,73.1,11.9,109,57,4,0,0,0,0,0,43,1,2.3
176,Deommodore Lenoir,26,SFO,DB,12,12,2,52,32,61.5,303,9.5,5.8,5,93.7,11.5,189,114,0,0,0,0,0,0,43,5,10.4
177,Devin Lloyd,27,JAX,LB,9,9,4,24,18,75,145,8.1,6,1,64.1,4.2,52,93,37,3,5,0,1.5,10,43,5,10.4
178,Byron Murphy,23,SEA,DT,11,11,0,1,1,100,-5,-5,-5,0,79.2,-6,-6,1,0,8,2,0,6,18,43,2,4.4
179,Malik Mustapha,23,SFO,S,7,5,1,19,15,78.9,219,14.6,11.5,3,132.3,11.3,132,87,2,0,0,0,0,0,43,5,10.4
180,A'Shawn Robinson,30,CAR,DE,12,11,0,1,1,100,-5,-5,-5,0,79.2,-3,-3,-2,0,1,3,2,2.5,7,43,0,0
181,E.J. Speed,30,HOU,LB,11,6,0,24,13,54.2,95,7.3,4,1,77.6,3.5,44,51,21,1,2,1,0,3,43,5,10.4
182,T.J. Watt,31,PIT,LB,11,11,1,4,3,75,35,11.7,8.8,0,61.5,-3.8,-8,43,30,9,8,7,7,25,43,5,10.4
183,Dorian Williams,24,BUF,LB,10,7,0,9,3,33.3,44,14.7,4.9,1,87.3,6.8,31,13,14,0,2,1,0,2,43,5,10.4
184,DeForest Buckner,31,IND,DT,9,9,0,1,1,100,-6,-6,-6,0,79.2,-7,-7,1,2,7,9,0,4,20,42,2,4.5
185,Jack Jones,28,MIA,CB,11,11,1,33,18,54.5,242,13.4,7.3,4,105.1,8.9,119,123,1,1,0,0,0,1,42,10,19.2
186,Isaiah Rodgers,27,MIN,CB,11,10,1,57,34,59.6,438,12.9,7.7,2,88.2,9.9,253,185,0,0,0,0,0,0,42,6,12.5
187,Tony Adams,26,NYJ,S,10,7,0,21,11,52.4,130,11.8,6.2,0,71.5,9.4,72,58,8,0,0,0,0,0,41,8,16.3
188,Oren Burks,30,CIN,LB,12,6,0,15,13,86.7,105,8.1,7,1,118.1,0.5,0,105,4,0,0,1,0,0,41,8,16.3
189,Andre Cisco,25,NYJ,S,8,8,0,16,11,68.8,120,10.9,7.5,3,130.2,13.3,92,28,9,0,0,0,0,0,41,5,10.9
190,Michael Jackson,28,CAR,CB,12,12,2,69,38,55.1,549,14.4,8,2,78.7,12.2,356,193,1,0,0,0,0,0,41,2,4.7
191,Josh Jobe,27,SEA,CB,10,9,1,65,33,50.8,375,11.4,5.8,2,72.3,10.3,243,132,3,0,1,0,0.5,2,41,4,8.9
192,Harold Landry,29,NWE,OLB,12,12,0,4,2,50,19,9.5,4.8,0,63.5,-1.8,0,19,6,5,8,0,6.5,20,41,1,2.4
193,AJ Terrell,27,ATL,CB,9,9,0,32,18,56.3,209,11.6,6.5,0,76.2,9.4,156,53,1,0,0,0,0,0,41,3,6.8
194,Dallas Turner,22,MIN,OLB,11,6,0,11,8,72.7,54,6.8,4.9,0,83.1,1.2,7,47,29,8,5,0,3.5,17,41,2,4.7
195,Quinnen Williams,28,2TM,DT,11,11,0,2,2,100,13,6.5,6.5,0,93.7,0,0,13,0,12,6,0,2.5,21,41,4,8.9
196,Quinnen Williams,28,NYJ,DL,8,8,0,1,1,100,9,9,9,0,104.2,4,4,5,0,4,2,0,1,7,32,3,8.6
197,Quinnen Williams,28,DAL,DT,3,3,0,1,1,100,4,4,4,0,83.3,-4,-4,8,0,8,4,0,1.5,14,9,1,10
198,Jonathan Allen,30,MIN,DL,11,11,0,1,1,100,-2,-2,-2,0,79.2,-2,-2,0,0,3,5,0,2.5,11,40,5,11.1
199,Javon Hargrave,32,MIN,DL,11,10,0,2,2,100,17,8.5,8.5,0,102.1,-3,-6,23,0,3,2,0,3,8,40,2,4.8
200,Jordan Poyer,34,BUF,S,6,5,0,10,7,70,109,15.6,10.9,3,145.4,7.8,44,65,0,0,0,0,0,0,40,5,11.1
201,Jalen Redmond,26,MIN,DL,11,10,0,0,0,0,0,0,0,0,2,2,3,4,8,40,3,7,RedmJa01,,,,
202,Jaelan Phillips,26,2TM,LB,13,13,0,13,11,84.6,82,7.5,6.3,0,92.9,0.6,8,74,13,16,8,0,4,28,40,4,9.1
203,Jaelan Phillips,26,MIA,LB,9,9,0,11,10,90.9,78,7.8,7.1,0,96.2,1.4,11,67,13,11,4,0,3,18,25,3,10.7
204,Jaelan Phillips,26,PHI,OLB,4,4,0,2,1,50,4,4,2,0,56.2,-3.5,-3,7,0,5,4,0,1,10,15,1,6.3
205,DeAundre Alford,28,ATL,CB,10,5,1,42,29,69,354,12.2,8.4,2,100.7,12.4,269,85,11,1,0,1,2,3,39,4,9.3
206,Rashan Gary,28,GNB,DL,12,12,0,1,0,0,0,0,0,39.6,-2,0,0,8,4,7,1,7.5,19,39,4,9.3,GaryRa00
207,Mike Hughes,28,ATL,CB,9,9,0,59,31,52.5,373,12,6.3,4,94.8,13.2,276,97,0,0,0,0,0,0,39,3,7.1
208,Theo Jackson,27,MIN,S,10,7,0,13,9,69.2,133,14.8,10.2,1,128,9.2,60,73,2,0,0,0,0,0,39,5,11.4
209,David Onyemata,33,ATL,DL,11,11,0,1,0,0,0,0,0,39.6,-4,0,0,0,1,1,0,1,3,39,3,7.1,OnyeDa00
210,Grover Stewart,32,IND,DT,11,11,1,1,1,100,0,0,0,0,39.6,-4,-4,4,0,3,3,3,0.5,7,39,7,15.2
211,Jared Verse,25,LAR,OLB,11,11,0,7,5,71.4,42,8.4,6,0,86.6,-1.4,-5,47,15,6,13,1,6,25,39,2,4.9
212,Chuck Clark,30,PIT,S,9,4,0,19,16,84.2,243,15.2,12.8,3,158.3,6.6,123,120,4,0,0,0,0,0,38,4,9.5
213,Nakobe Dean,25,PHI,LB,7,5,0,10,4,40,46,11.5,4.6,0,54.6,7.2,27,19,11,1,1,0,3,5,38,1,2.6
214,Brandin Echols,28,PIT,CB,11,2,1,53,38,71.7,390,10.3,7.4,2,97.2,7.3,194,196,4,0,1,0,0,1,38,6,13.6
215,DeShon Elliott,28,PIT,S,5,5,1,19,9,47.4,121,13.4,6.4,0,46.2,7.6,49,72,13,0,2,0,1,3,38,3,7.3
216,Dennis Gardeck,31,JAX,OLB,11,5,0,11,9,81.8,58,6.4,5.3,0,88.6,1.8,-4,62,15,2,4,1,1.5,8,38,1,2.6
217,Adoree' Jackson,30,PHI,CB,10,6,0,50,31,62,359,11.6,7.2,2,97,10.6,241,118,0,0,0,0,0,0,38,5,11.6
218,Francisco Mauigoa,22,NYJ,LB,10,6,0,16,9,56.3,71,7.9,4.4,2,107,4.3,41,30,20,0,0,0,0,0,38,2,5
219,Micah Parsons,26,GNB,DL,12,11,0,2,1,50,6,6,3,0,56.2,-0.5,-4,10,3,12,9,0,12.5,35,38,3,7.3
220,Harrison Phillips,29,NYJ,DL,11,11,0,1,0,0,0,0,0,39.6,-4,0,0,0,0,0,0,0.5,1,38,1,2.6,PhilHa00
221,Juan Thornhill,30,PIT,S,9,1,0,17,15,88.2,207,13.8,12.2,1,137,8.9,159,48,2,0,0,0,0,0,38,4,9.5
222,C.J. Gardner-Johnson,28,2TM,S,8,7,0,24,16,66.7,133,8.3,5.5,1,94.6,7.2,97,36,19,0,2,0,3,5,38,5,11.6
223,C.J. Gardner-Johnson,28,HOU,S,3,3,0,12,8,66.7,99,12.4,8.3,0,92,9.3,81,18,5,0,1,0,0,1,15,2,11.8
224,C.J. Gardner-Johnson,28,CHI,S,5,4,0,12,8,66.7,34,4.3,2.8,1,97.9,5,16,18,14,0,1,0,3,4,23,3,11.5
225,Calen Bullock,22,HOU,S,11,11,4,39,20,51.3,303,15.2,7.8,2,54.7,14.6,214,89,0,0,0,0,0,0,37,5,11.9
226,Danielle Hunter,31,HOU,DE,11,11,0,3,2,66.7,11,5.5,3.7,0,72.9,0.3,6,5,1,5,7,0,11,24,37,3,7.5
227,Kyu Blu Kelly,24,LVR,CB,11,8,2,47,29,61.7,418,14.4,8.9,4,101.2,12.1,288,130,0,0,0,0,0,0,37,3,7.5
228,Quinyon Mitchell,24,PHI,CB,12,12,0,69,31,44.9,372,12,5.4,1,66.8,13.9,281,91,0,0,0,0,0,0,37,3,7.5
229,Elijah Molden,26,LAC,DB,8,8,0,17,9,52.9,156,17.3,9.2,0,84.4,10.1,89,67,0,0,0,0,0,0,37,4,9.8
230,Amik Robertson,27,DET,CB,12,8,1,67,43,64.2,564,13.1,8.4,5,109.3,11.9,398,166,1,0,0,0,0,0,37,8,17.8
231,Greg Newsome II,25,2TM,CB,11,10,0,53,35,66,432,12.3,8.2,4,116.2,12.3,329,103,0,0,0,0,0,0,37,4,9.8
232,Greg Newsome II,25,CLE,CB,5,5,0,30,19,63.3,234,12.3,7.8,0,87.4,13.3,168,66,0,0,0,0,0,0,23,1,4.2
233,Greg Newsome II,25,JAX,CB,6,5,0,23,16,69.6,198,12.4,8.6,4,135.5,10.9,161,37,0,0,0,0,0,0,14,3,17.6
234,Will Anderson,24,HOU,DE,11,11,0,3,2,66.7,16,8,5.3,0,79.9,1,3,13,3,5,5,2,10.5,21,36,3,7.7
235,Darrell Baker,27,TEN,CB,11,4,0,36,25,69.4,330,13.2,9.2,1,107.4,11.4,245,85,0,0,0,0,0,0,36,4,10
236,Christian Benford,25,BUF,CB,10,10,0,45,27,60,298,11,6.6,4,109.3,11.9,221,77,4,0,0,0,1,1,36,2,5.3
237,Rasul Douglas,30,MIA,CB,9,7,0,43,25,58.1,246,9.8,5.7,1,82.1,10.3,179,67,5,0,1,0,1,2,36,3,7.7
238,Taron Johnson,29,BUF,CB,8,4,0,35,23,65.7,264,11.5,7.5,1,97.8,7.1,115,149,9,0,0,0,0,0,36,2,5.3
239,George Karlaftis III,24,KAN,DE,12,11,0,3,2,66.7,17,8.5,5.7,0,81.2,-1.7,3,14,0,4,12,2,5,22,36,1,2.7
240,Isaiah Oliver,29,NYJ,S,11,1,0,17,12,70.6,135,11.3,7.9,0,94,4.5,57,78,7,0,0,0,0,0,36,1,2.7
241,Darius Slay,34,PIT,CB,10,9,0,40,30,75,337,11.2,8.4,1,108,9.7,198,139,1,0,0,0,0,0,36,7,16.3
242,Montez Sweat,29,CHI,DL,12,12,0,3,2,66.7,11,5.5,3.7,0,72.9,8.3,8,3,0,6,4,5,7.5,18,36,3,7.7
243,Dadrion Taylor-Demerson,24,ARI,S,9,2,2,17,9,52.9,102,11.3,6,0,31.6,8.6,64,38,3,0,0,0,0,0,36,1,2.7
244,Colby Wooden,25,GNB,DL,12,12,0,3,3,100,4,1.3,1.3,0,79.2,-2,-6,10,0,0,2,0,0,2,36,3,7.7
245,Carl Granderson,29,NOR,DE,11,6,0,7,6,85.7,11,1.8,1.6,0,79.2,-0.3,-6,17,13,7,2,0,4.5,14,35,2,5.4
246,Antonio Johnson,24,JAX,S,11,4,2,24,13,54.2,202,15.5,8.4,1,61.5,10.3,129,73,8,1,0,0,2,3,35,3,7.9
247,Ja'Quan McMillian,25,DEN,CB,11,3,1,53,31,58.5,318,10.3,6,1,74.3,7.7,163,155,13,1,0,1,4,5,35,5,12.5
248,Joseph Ossai,25,CIN,DE,12,7,0,7,7,100,44,6.3,6.3,1,132.4,0,0,44,3,9,5,0,5,19,35,8,18.6
249,Gregory Rousseau,25,BUF,DE,11,11,0,5,3,60,17,5.7,3.4,0,66.2,-2.2,-5,22,3,5,6,2,3,15,35,1,2.8
250,Jeffery Simmons,28,TEN,DT,9,9,0,3,3,100,16,5.3,5.3,0,88.9,-2.3,-7,23,0,5,6,0,5.5,17,35,5,12.5
251,Trenton Simpson,24,BAL,LB,12,3,0,13,10,76.9,65,6.5,5,0,87,5.7,37,28,9,0,2,0,1.5,4,35,2,5.4
252,Tedarrell Slaton,28,CIN,DT,12,12,0,1,0,0,0,0,0,39.6,0,0,0,0,1,4,0,0,5,35,3,7.9,SlatTe00
253,Dante Trader,22,MIA,S,11,3,0,13,8,61.5,158,19.8,12.2,1,129.6,12.5,85,73,2,0,0,0,0,0,35,3,7.9
254,Tershawn Wharton,27,CAR,DT,8,8,0,1,1,100,12,12,12,0,116.7,-5,-5,17,0,4,2,0,2,8,35,1,2.8
255,Devon Witherspoon,25,SEA,CB,6,6,0,30,22,73.3,189,8.6,6.3,2,111.7,5.8,79,110,8,3,1,0,0.5,5,35,2,5.4
256,Kyle Dugger,29,2TM,S,11,8,1,18,10,55.6,141,14.1,7.8,1,76.4,10.3,119,22,6,0,0,0,0,0,35,1,2.8
257,Kyle Dugger,29,NWE,S,7,4,0,6,5,83.3,74,14.8,12.3,0,118.1,10.5,61,13,1,0,0,0,0,0,17,0,0
258,Kyle Dugger,29,PIT,S,4,4,1,12,5,41.7,67,13.4,5.6,1,53.1,10.3,58,9,5,0,0,0,0,0,18,1,5.3
259,Myles Murphy,23,CIN,DE,12,5,0,1,1,100,28,28,28,0,118.7,-8,-8,36,0,4,2,1,2.5,9,34,4,10.5
260,Eric Murray,31,JAX,S,7,7,1,20,13,65,181,13.9,9.1,1,89.8,13.2,133,48,11,1,1,0,0,2,34,3,8.1
261,Osa Odighizuwa,27,DAL,DT,12,11,0,0,0,0,0,0,0,0,5,13,0,3,21,34,2,5.6,OdigOs00,,,,
262,Lathan Ransom,23,CAR,S,11,5,0,15,10,66.7,143,14.3,9.5,1,119.6,13.1,95,48,2,1,0,0,0,1,34,1,2.9
263,Christian Roland-Wallace,24,KAN,CB,11,2,1,13,10,76.9,124,12.4,9.5,1,99.5,8.3,78,46,4,0,0,1,0,0,34,0,0
264,Jack Sanborn,25,DAL,MLB,6,5,0,18,16,88.9,193,12.1,10.7,0,111.3,6.3,88,105,1,0,0,0,0,0,34,6,15
265,Cody Simon,23,ARI,LB,10,3,0,11,8,72.7,65,8.1,5.9,1,117.6,4.6,36,29,4,0,0,0,0,0,34,3,8.1
266,Harrison Smith,36,MIN,S,9,6,0,22,18,81.8,273,15.2,12.4,2,148.7,7.3,130,143,14,0,0,1,0,0,34,7,17.1
267,Xavier Woods,30,TEN,S,8,8,1,26,20,76.9,206,10.3,7.9,0,83.2,7.4,120,86,5,0,0,0,1,1,34,7,17.1
268,Keeanu Benton,24,PIT,DT,11,11,0,1,1,100,18,18,18,0,118.7,2,2,16,0,2,5,0,4.5,12,33,5,13.2
269,Nik Bonitto,26,DEN,OLB,11,10,0,6,4,66.7,18,4.5,3,0,70.1,3.8,8,10,22,5,8,0,9.5,25,33,2,5.7
270,Adam Butler,31,LVR,DT,10,10,0,0,0,0,0,0,0,0,3,3,0,1,7,33,4,10.8,ButlAd00,,,,
271,Jonathon Cooper,27,DEN,OLB,11,11,0,6,2,33.3,12,6,2,0,42.4,-2.7,-4,16,25,3,3,1,7.5,16,33,3,8.3
272,Ashtyn Davis,29,MIA,S,9,6,0,19,15,78.9,199,13.3,10.5,2,145.4,9.2,109,90,5,1,0,0,0,1,33,7,17.5
273,Mike Green,22,BAL,OLB,12,1,0,5,4,80,41,10.3,8.2,0,100.8,1.2,14,27,7,3,6,0,2.5,12,33,2,5.7
274,Aidan Hutchinson,25,DET,DE,12,12,0,1,0,0,0,0,0,39.6,-6,0,0,1,10,16,1,8.5,35,33,3,8.3,HutcAi00
275,Jarrian Jones,24,JAX,CB,11,3,1,34,21,61.8,241,11.5,7.1,2,90.4,6.6,127,114,5,0,1,0,0,1,33,3,8.3
276,Travis Jones,26,BAL,DL,11,11,0,1,1,100,25,25,25,0,118.7,-8,-8,33,0,3,2,2,1.5,7,33,2,5.7
277,Sebastian Joseph-Day,30,TEN,DE,11,7,0,0,0,0,0,0,0,0,1,2,0,2,5,33,0,0,JoseSe00,,,,
278,Roger McCreary,25,2TM,CB,12,3,1,29,24,82.8,260,10.8,9,2,112.6,5.9,113,147,6,1,0,0,1,2,33,6,15.4
279,Roger McCreary,25,TEN,CB,8,3,1,29,24,82.8,260,10.8,9,2,112.6,5.9,113,147,5,1,0,0,1,2,33,6,15.4
280,Roger McCreary,25,LAR,CB,4,0,0,0,0,0,0,0,0,1,0,0,0,0,0,0,0,McCrRo01,,,,,
281,Matt Milano,31,BUF,LB,7,7,0,16,12,75,105,8.8,6.6,0,91.9,2.8,37,68,9,0,0,0,1,1,33,4,10.8
282,Chris Rumph,27,NOR,DE,11,0,0,5,4,80,37,9.3,7.4,0,97.5,3.2,5,32,6,2,2,1,1,5,33,1,2.9
283,Chau Smith-Wade,23,CAR,CB,11,3,1,31,26,83.9,241,9.3,7.8,1,96.4,6.5,166,75,1,0,0,0,0,0,33,3,8.3
284,Denzel Ward,28,CLE,CB,11,11,1,48,31,64.6,317,10.2,6.6,1,81.7,10.4,190,127,3,0,0,0,0,0,33,7,17.5
285,Sauce Gardner,25,2TM,CB,9,9,0,42,20,47.6,289,14.5,6.9,2,86.3,8.5,177,112,3,0,0,0,0,0,33,4,10.8
286,Sauce Gardner,25,NYJ,CB,7,7,0,28,13,46.4,225,17.3,8,2,98.1,9.7,152,73,3,0,0,0,0,0,20,4,16.7
287,Sauce Gardner,25,IND,CB,2,2,0,14,7,50,64,9.1,4.6,0,62.8,6.1,25,39,0,0,0,0,0,0,13,0,0
288,Trey Amos,23,WAS,CB,10,8,0,38,27,71.1,315,11.7,8.3,1,104.6,9.4,192,123,0,0,0,0,0,0,32,5,13.5
289,Jalyn Armour-Davis,26,TEN,CB,9,8,0,33,23,69.7,362,15.7,11,2,126.1,13.7,254,108,1,0,0,0,0,0,32,2,5.9
290,Chidobe Awuzie,30,BAL,CB,10,5,0,42,22,52.4,255,11.6,6.1,2,86.9,12.2,191,64,4,0,0,0,0,0,32,5,13.5
291,Jalen Carter,24,PHI,DT,10,10,0,2,2,100,27,13.5,13.5,1,158.3,-1.5,-3,30,0,5,9,4,2,16,32,5,13.5
292,Divine Deablo,27,ATL,LB,7,7,0,6,3,50,19,6.3,3.2,0,56.9,6.5,0,19,16,0,0,0,0.5,1,32,2,5.9
293,Cordale Flott,24,NYG,CB,11,11,1,56,29,51.8,377,13,6.7,0,65.8,13.9,303,74,1,0,0,0,0,0,32,0,0
294,Myles Harden,24,CLE,CB,11,4,0,41,31,75.6,267,8.6,6.5,3,116.6,6.4,97,170,2,0,0,0,0,0,32,5,13.5
295,Jalyx Hunt,24,PHI,OLB,12,8,2,6,2,33.3,5,2.5,0.8,0,2.8,-1.3,-8,13,8,4,11,0,2,17,32,3,8.6
296,Darius Muasau,24,NYG,LB,8,7,0,11,8,72.7,56,7,5.1,1,114.2,2.4,-4,60,7,1,0,0,1,2,32,5,13.5
297,Anthony Nelson,28,TAM,OLB,11,4,1,10,6,60,64,10.7,6.4,0,39.2,0.3,10,54,9,1,0,0,3,4,32,0,0
298,Nic Scourton,21,CAR,OLB,12,4,0,3,3,100,23,7.7,7.7,0,98.6,5.3,16,7,5,4,3,1,3,11,32,2,5.9
299,Tarheeb Still,23,LAC,CB,9,8,0,34,24,70.6,172,7.2,5.1,0,82,5,28,144,7,1,1,1,0,2,32,4,11.1
300,Shaq Thompson,31,BUF,OLB,7,2,0,17,15,88.2,87,5.8,5.1,0,88,2.3,27,60,9,0,1,0,1,2,32,2,5.9
301,Terrion Arnold,22,DET,CB,8,7,1,38,24,63.2,330,13.8,8.7,2,97.5,13.9,250,80,1,0,0,0,0,0,31,4,11.4
302,JD Bertrand,25,ATL,LB,11,2,0,15,12,80,150,12.5,10,1,130.6,5.2,59,91,3,0,0,0,0,0,31,4,11.4
303,Tyler Davis,25,LAR,DE,11,0,0,1,1,100,2,2,2,0,79.2,-8,-8,10,0,3,0,2,1,4,31,0,0
304,YaYa Diaby,26,TAM,OLB,11,11,0,6,6,100,58,9.7,9.7,0,106.9,-0.2,-1,59,20,6,6,0,5,17,31,4,11.4
305,T.J. Edwards,29,CHI,LB,5,5,0,22,13,59.1,170,13.1,7.7,2,113.8,5,69,101,8,0,0,0,0,0,31,1,3.1
306,Jonathan Greenard,28,MIN,OLB,9,9,0,6,6,100,29,4.8,4.8,0,86.8,-2.3,-14,43,21,9,7,1,2,18,31,6,16.2
307,Cam Hart,25,LAC,CB,10,3,0,45,28,62.2,372,13.3,8.3,2,103.2,10.3,269,103,2,0,1,0,0,1,31,2,6.1
308,Jaden Hicks,23,KAN,DB,12,2,0,21,17,81,139,8.2,6.6,2,126,5.2,50,89,3,0,0,0,0,0,31,5,13.9
309,D'Marco Jackson,27,CHI,LB,11,2,0,6,5,83.3,27,5.4,4.5,0,85.4,1,1,26,1,0,0,0,0,0,31,0,0
310,Laiatu Latu,24,IND,DE,10,10,3,8,7,87.5,35,5,4.4,1,84.9,-1.6,-6,41,11,5,7,1,5.5,19,31,7,18.4
311,Max Melton,23,ARI,CB,9,8,0,45,28,62.2,354,12.6,7.9,1,94.1,12.6,264,90,1,0,0,0,0,0,31,7,18.4
312,Kenny Moore,30,IND,CB,8,4,1,54,31,57.4,352,11.4,6.5,2,81.7,6.7,159,193,17,0,0,0,1.5,2,31,6,16.2
313,Sam Okuayinonu,27,SFO,DL,12,9,0,1,1,100,1,1,1,0,79.2,-5,-5,6,1,2,2,0,2,6,31,1,3.1
314,Nathan Shepherd,32,NOR,DT,11,6,0,1,0,0,0,0,0,39.6,-1,0,0,0,2,4,0,2,8,31,1,3.1,ShepNa00
315,Danny Stutsman,22,NOR,LB,11,0,0,3,3,100,23,7.7,7.7,0,98.6,4,12,11,2,0,0,0,0,0,31,1,3.1
316,Dre'Mont Jones,28,2TM,OLB,13,13,0,2,2,100,12,6,6,0,91.7,-2.5,-5,17,8,3,8,1,6,18,31,0,0
317,Dre'Mont Jones,28,TEN,OLB,9,9,0,1,1,100,5,5,5,0,87.5,-2,-2,7,8,1,4,0,4.5,10,26,0,0
318,Dre'Mont Jones,28,BAL,DE,4,4,0,1,1,100,7,7,7,0,95.8,-3,-3,10,0,2,4,1,1.5,8,5,0,0
319,Jamal Adams,30,LVR,LB,11,2,0,22,20,90.9,118,5.9,5.4,0,89,0.2,-7,125,20,2,1,0,1,4,30,6,16.7
320,Calais Campbell,39,ARI,DL,11,11,0,0,0,0,0,0,0,0,2,7,1,5.5,15,30,4,11.8,CampCa99,,,,
321,Bradley Chubb,29,MIA,LB,11,11,0,4,2,50,55,27.5,13.8,0,95.8,2,5,50,13,1,7,0,5,13,30,5,14.3
322,Quandre Diggs,32,TEN,FS,9,4,0,13,9,69.2,153,17,11.8,2,148.4,8.6,113,40,3,0,0,0,0,0,30,3,9.1
323,Arnold Ebiketie,26,ATL,DE,11,3,0,2,2,100,0,0,0,0,79.2,-2,-4,4,14,4,3,0,1,8,30,3,9.1
324,Donovan Ezeiruaku,22,DAL,DE,12,4,0,2,1,50,-7,-7,-3.5,0,56.2,-2.5,-3,-4,11,8,8,0,2,18,30,2,6.3
325,Poona Ford,30,LAR,NT,11,5,0,0,0,0,0,0,0,0,1,1,1,1,3,30,2,6.3,FordPo00,,,,
326,Josh Hines-Allen,28,JAX,DE,11,11,0,2,2,100,4,2,2,0,79.2,1.5,3,1,2,13,9,2,4,27,30,7,18.9
327,Kris Jenkins,24,CIN,DT,12,4,0,1,1,100,7,7,7,0,95.8,-4,-4,11,0,1,1,1,1.5,4,30,1,3.2
328,Rayshawn Jenkins,31,CLE,S,11,2,1,8,4,50,83,20.8,10.4,0,47.4,9.5,47,36,2,0,0,0,0,0,30,2,6.3
329,Jourdan Lewis,30,JAX,CB,8,7,2,41,26,63.4,155,6,3.8,4,82.9,7.5,99,56,9,2,1,1,0,3,30,4,11.8
330,Jaylen McCollough,25,LAR,S,11,0,0,36,21,58.3,196,9.3,5.4,0,73.4,5.2,79,117,7,0,0,0,2,2,30,4,11.8
331,Daron Payne,28,WAS,DT,10,10,0,3,2,66.7,-9,-4.5,-3,0,70.1,-5,-9,0,0,1,3,5,1,5,30,9,23.1
332,Levi Drake Rodriguez,25,MIN,DL,11,1,0,1,1,100,4,4,4,0,83.3,3,3,1,1,1,2,0,1,4,30,2,6.3
333,Zach Sieler,30,MIA,DT,11,11,0,1,1,100,14,14,14,0,118.7,-4,-4,18,0,1,3,1,1,5,30,1,3.2
334,DJ Turner,25,CIN,CB,12,11,2,51,26,51,373,14.3,7.3,3,78.3,11.1,263,110,1,0,0,0,0,0,30,5,14.3
335,Jalon Walker,21,ATL,DE,9,5,0,8,7,87.5,71,10.1,8.9,1,143.2,2.6,28,43,22,2,2,0,5,9,30,1,3.2
336,Tre'Davious White,30,BUF,CB,10,10,0,29,17,58.6,148,8.7,5.1,1,83.7,6.8,89,59,2,1,0,0,0,1,30,3,9.1
337,Zach Allen,28,DEN,DL,11,11,0,0,0,0,0,0,0,0,4,17,6,6,30,29,4,12.1,AlleZa01,,,,
338,Kaiir Elam,24,DAL,CB,10,7,0,45,25,55.6,372,14.9,8.3,3,105,13.3,264,108,1,0,0,0,0,0,29,3,9.4
339,Davon Godchaux,31,NOR,DT,11,11,0,0,0,0,0,0,0,0,3,0,0,0,3,29,0,0,GodcDa00,,,,
340,Malik Hooker,29,DAL,S,7,7,0,13,9,69.2,143,15.9,11,2,145.2,15.8,104,39,1,0,0,0,0,0,29,1,3.3
341,John Jenkins,36,BAL,DT,12,9,0,0,0,0,0,0,0,0,0,0,1,1,1,29,4,12.1,JenkJo00,,,,
342,Jermaine Johnson II,26,NYJ,LB,8,8,0,1,1,100,13,13,13,0,118.7,-1,-1,14,7,7,2,0,3,12,29,2,6.5
343,Jonah Laulu,25,LVR,DT,11,9,0,3,2,66.7,9,4.5,3,0,70.1,0.3,0,9,0,0,5,3,4,9,29,9,23.7
344,DeMarcus Lawrence,33,SEA,LB,10,10,0,3,2,66.7,-1,-0.5,-0.3,0,70.1,0,-5,4,7,17,8,0,4,31,29,3,9.4
345,Jason Pinnock,26,SFO,S,12,7,0,20,16,80,154,9.6,7.7,4,138.3,4.9,71,83,7,1,0,0,0,1,29,2,6.5
346,Kelee Ringo,23,PHI,CB,12,2,0,22,13,59.1,196,15.1,8.9,0,88.4,16.2,149,47,1,0,0,0,0,0,29,3,9.4
347,Curtis Robinson,27,SFO,LB,12,1,0,11,9,81.8,64,7.1,5.8,1,121.2,3.8,37,27,5,0,0,0,0,0,29,2,6.5
348,Tuli Tuipulotu,23,LAC,OLB,11,11,0,8,5,62.5,46,9.2,5.8,1,117.7,4.1,16,30,9,7,6,2,8,21,29,2,6.5
349,Kobie Turner,26,LAR,DE,11,11,0,1,1,100,2,2,2,0,79.2,-1,-1,3,0,4,3,1,3.5,11,29,3,9.4
350,Riq Woolen,26,SEA,CB,10,7,0,51,27,52.9,283,10.5,5.5,2,82.4,10.1,171,112,1,0,0,0,0,0,29,5,14.7
351,Jamel Dean,29,TAM,CB,9,9,3,38,17,44.7,192,11.3,5.1,0,27.5,12.6,113,79,2,0,1,0,1,2,28,0,0
352,Cobie Durant,27,LAR,CB,11,9,3,55,28,50.9,341,12.2,6.2,0,47.6,11.5,244,97,2,1,0,0,0,1,28,5,15.2
353,Justin Eboigbe,24,LAC,DL,11,1,0,0,0,0,0,0,0,0,1,4,0,4,9,28,3,9.7,EboiJu00,,,,
354,Luke Gifford,30,SFO,LB,12,6,0,9,6,66.7,86,14.3,9.6,0,97.5,12,45,41,2,0,0,0,0,0,28,2,6.7
355,Cameron Lewis,28,BUF,DB,11,2,0,22,12,54.5,105,8.8,4.8,0,67.4,4.8,40,65,5,1,0,0,0,1,28,2,6.7
356,Jordan Magee,24,WAS,LB,11,4,0,11,9,81.8,64,7.1,5.8,1,121.2,1.5,10,54,4,0,0,0,0,0,28,5,15.2
357,Isaiah McGuire,24,CLE,DE,11,7,0,2,1,50,12,12,6,0,68.7,4,5,7,2,1,1,0,2,5,28,5,15.2
358,Ifeatu Melifonwu,26,MIA,S,10,4,1,16,14,87.5,127,9.1,7.9,2,113.3,5.1,77,50,12,2,0,0,0,2,28,4,12.5
359,Ventrell Miller,26,JAX,LB,11,2,0,9,6,66.7,48,8,5.3,0,79.9,2.8,1,47,12,0,0,0,0,0,28,2,6.7
360,Moro Ojomo,24,PHI,DT,12,5,0,1,0,0,0,0,0,39.6,0,0,0,0,4,4,1,4,12,28,2,6.7,OjomMo00
361,Joey Porter Jr.,25,PIT,CB,8,8,1,42,20,47.6,218,10.9,5.2,0,53.5,10.1,151,67,1,0,0,0,1,1,28,4,12.5
362,Eric Stokes,26,LVR,CB,10,10,0,38,21,55.3,203,9.7,5.3,1,79.2,10.7,125,78,0,0,0,0,0,0,28,2,6.7
363,D.J. Wonnum,28,CAR,OLB,11,10,1,4,2,50,13,6.5,3.3,0,17.7,2.3,7,6,3,2,1,1,0,3,28,1,3.4
364,Deonte Banks,24,NYG,CB,11,4,0,26,18,69.2,217,12.1,8.3,3,133,8.7,179,38,0,0,0,0,0,0,27,5,15.6
365,Bryan Bresee,24,NOR,DT,11,11,0,0,0,0,0,0,0,0,4,4,2,1.5,10,27,0,0,BresBr00,,,,
366,Montaric Brown,26,JAX,CB,9,6,1,37,22,59.5,255,11.6,6.9,3,96.1,11.3,176,79,0,0,0,0,0,0,27,2,6.9
367,Denzel Burke,23,ARI,CB,11,4,2,27,15,55.6,183,12.2,6.8,0,45.8,12,110,73,0,0,0,0,0,0,27,4,12.9
368,Abdul Carter,22,NYG,OLB,12,2,0,1,1,100,11,11,11,0,112.5,3,3,8,27,5,10,0,0.5,16,27,1,3.6
369,Jadeveon Clowney,32,DAL,DE,9,3,0,0,0,0,0,0,0,2,6,0,3,4,10,27,1,3.6,ClowJa00,,,,
370,Zaven Collins,26,ARI,OLB,11,3,0,5,5,100,39,7.8,7.8,0,99.2,4.2,21,18,16,1,6,0,1,8,27,1,3.6
371,Gervon Dexter,24,CHI,DL,12,12,0,1,1,100,8,8,8,0,100,-1,-1,9,0,4,2,0,4,11,27,3,10
372,Emmanuel Forbes,24,LAR,CB,11,8,3,44,24,54.5,335,14,7.6,3,73.6,10.9,219,116,1,0,0,0,0,0,27,5,15.6
373,Mason Graham,22,CLE,DT,11,11,0,2,0,0,0,0,0,39.6,-1.5,0,0,0,3,2,3,0.5,6,27,1,3.6,GrahMa00
374,Marshon Lattimore,29,WAS,CB,9,9,1,37,22,59.5,307,14,8.3,2,93,14.5,247,60,1,0,0,0,0,0,27,3,10
375,Patrick Surtain II,25,DEN,CB,8,8,0,34,19,55.9,189,9.9,5.6,0,71.8,11.1,120,69,0,0,0,0,0,0,27,3,10
376,Tommy Togiai,26,HOU,DT,9,1,0,1,1,100,-1,-1,-1,0,79.2,-5,-5,4,0,1,1,3,0.5,3,27,1,3.6
377,Eyioma Uwazurike,27,DEN,DL,11,0,0,0,0,0,0,0,0,0,0,0,0,2.5,3,27,1,3.6,UwazEy00,,,,
378,Andrew Van Ginkel,30,MIN,OLB,6,5,0,14,9,64.3,61,6.8,4.4,0,73.8,5.6,-6,67,23,1,2,4,3,6,27,2,6.9
379,Deone Walker,21,BUF,DT,11,10,0,0,0,0,0,0,0,0,3,1,2,1,6,27,3,10,WalkDe04,,,,
380,Milton Williams,26,NWE,DT,11,11,0,2,1,50,8,8,4,0,60.4,-4,-4,12,0,3,5,1,3.5,12,27,2,6.9
381,Devonte Wyatt,27,GNB,DL,10,10,0,2,1,50,8,8,4,0,60.4,3.5,-3,11,0,1,2,2,4,7,27,1,3.6
382,Joe Bachie,27,2TM,LB,9,5,0,14,13,92.9,108,8.3,7.7,0,98.8,3.1,44,64,5,0,0,1,0,0,27,1,3.6
383,Joe Bachie,27,IND,LB,5,5,0,14,13,92.9,108,8.3,7.7,0,98.8,3.1,44,64,4,0,0,1,0,0,26,1,3.7
384,Joe Bachie,27,TEN,LB,4,0,0,0,0,0,0,0,0,1,0,0,0,0,0,1,0,0,BachJo01,,,,
385,Austin Ajiake,25,IND,LB,10,0,0,8,5,62.5,38,7.6,4.8,1,113.5,5.1,9,29,5,0,1,0,0.5,2,26,2,7.1
386,Markquese Bell,26,DAL,S,12,3,1,11,9,81.8,120,13.3,10.9,1,104.5,6.7,61,59,5,0,0,1,0,0,26,2,7.1
387,Thomas Booker,26,LVR,DT,11,9,0,1,1,100,2,2,2,1,118.7,-4,-4,6,0,2,2,3,0,4,26,2,7.1
388,Billy Bowman,22,ATL,DB,6,1,1,27,18,66.7,219,12.2,8.1,0,76,7,83,136,11,2,0,0,1.5,4,26,7,21.2
389,Kingsley Enagbare,25,GNB,DL,12,0,0,1,1,100,1,1,1,0,79.2,-5,-5,6,0,3,4,0,1,9,26,4,13.3
390,Thomas Harper,25,DET,S,9,6,1,12,8,66.7,152,19,12.7,2,114.6,12,102,50,2,0,0,0,0,0,26,2,7.1
391,Cole Holcomb,29,PIT,LB,8,3,0,13,10,76.9,92,9.2,7.1,1,121.3,2.2,30,62,8,0,0,0,0,0,26,5,16.1
392,Roy Lopez,28,DET,DT,12,0,0,1,1,100,4,4,4,0,83.3,-3,-3,7,0,1,0,0,1,3,26,0,0
393,Jacob Martin,30,WAS,DE,11,8,0,3,2,66.7,19,9.5,6.3,0,84,3.7,14,5,6,2,6,0,4.5,14,26,2,7.1
394,Taylor Rapp,28,BUF,S,6,6,0,11,6,54.5,82,13.7,7.5,0,78.6,10.5,66,16,1,0,0,0,0,0,26,7,21.2
395,L'Jarius Sneed,28,TEN,CB,7,7,0,31,19,61.3,257,13.5,8.3,3,120,10.1,188,69,0,0,0,0,0,0,26,8,23.5
396,Juanyeh Thomas,25,DAL,S,7,3,0,3,3,100,36,12,12,1,156.2,9,27,9,2,0,0,0,0,0,26,5,16.1
397,Dondrea Tillman,27,DEN,OLB,11,0,2,5,2,40,21,10.5,4.2,0,13.3,2.6,7,14,11,2,2,1,1.5,6,26,1,3.7
398,Rock Ya-Sin,29,DET,CB,12,3,0,30,14,46.7,162,11.6,5.4,1,74.6,15,138,24,0,0,0,0,0,0,26,1,3.7
399,Jordan Elliott,28,SFO,DL,12,12,0,0,0,0,0,0,0,0,2,0,0,0,2,25,2,7.4,ElliJo02,,,,
400,Neville Gallimore,28,IND,DT,11,5,0,0,0,0,0,0,0,0,3,2,2,3.5,9,25,2,7.4,GallNe00,,,,
401,DaVon Hamilton,28,JAX,DT,11,11,0,1,1,100,8,8,8,1,139.6,-2,-2,10,0,0,2,0,1,3,25,1,3.8
402,Jaycee Horn,26,CAR,CB,12,12,5,50,22,44,379,17.2,7.6,5,64.1,11.4,211,168,6,0,0,0,0,0,25,10,28.6
403,Cameron Jordan,36,NOR,DE,11,11,0,1,0,0,0,0,0,39.6,-6,0,0,4,2,2,1,4.5,9,25,1,3.8,JordCa00
404,Javon Kinlaw,28,WAS,DT,11,11,0,0,0,0,0,0,0,0,2,3,0,0,5,25,5,16.7,KinlJa00,,,,
405,Uchenna Nwosu,29,SEA,LB,10,6,0,6,4,66.7,16,4,2.7,0,70.1,1.2,-12,28,11,8,2,1,5.5,18,25,3,10.7
406,Kwity Paye,27,IND,DE,11,10,0,3,3,100,29,9.7,9.7,0,106.9,-0.7,-2,31,6,9,4,0,4,17,25,5,16.7
407,M.J. Stewart,30,HOU,S,9,4,0,17,10,58.8,131,13.1,7.7,1,102.8,10.8,79,52,2,0,0,0,0,0,25,4,13.8
408,Derek Stingley Jr.,24,HOU,CB,11,11,3,51,21,41.2,305,14.5,6,2,49.9,13,224,81,3,0,0,0,0,0,25,3,10.7
409,Kayvon Thibodeaux,25,NYG,OLB,10,10,0,1,1,100,5,5,5,0,87.5,5,5,0,5,2,6,1,2.5,11,25,6,19.4
410,Garrett Williams,24,ARI,CB,6,6,1,27,20,74.1,145,7.3,5.4,4,110.3,4.3,68,77,7,1,0,0,0,1,25,5,16.7
411,Nohl Williams,23,KAN,DB,12,1,0,18,10,55.6,121,12.1,6.7,0,76.4,9.5,55,66,2,0,0,0,0,0,25,3,10.7
412,Odafe Oweh,27,2TM,OLB,11,3,0,2,1,50,5,5,2.5,0,56.2,-5,-5,10,13,0,7,0,4,11,25,1,3.8
413,Odafe Oweh,27,BAL,OLB,5,2,0,0,0,0,0,0,0,13,0,5,0,0,5,10,1,9.1,OwehJa00,,,,
414,Odafe Oweh,27,LAC,OLB,6,1,0,2,1,50,5,5,2.5,0,56.2,-5,-5,10,0,0,2,0,4,6,15,0,0
415,Dorance Armstrong Jr.,28,WAS,DE,7,5,0,1,1,100,5,5,5,0,87.5,-1,-1,6,1,3,1,0,5.5,10,24,1,4
416,Joey Bosa,30,BUF,DE,11,11,0,1,0,0,0,0,0,39.6,-1,0,0,0,8,10,1,4,22,24,6,20,BosaJo00
417,Kei'Trel Clark,24,ARI,CB,10,1,0,18,12,66.7,153,12.8,8.5,2,130.1,11.6,120,33,0,0,0,0,0,0,24,2,7.7
418,Kenny Clark,30,DAL,DT,12,12,0,3,3,100,16,5.3,5.3,0,88.9,0,0,16,0,6,2,0,3,12,24,2,7.7
419,Maliek Collins,30,CLE,DT,11,11,0,1,1,100,6,6,6,0,91.7,6,6,0,0,2,4,0,6.5,14,24,4,14.3
420,Demetrius Flannigan-Fowles,29,NYG,LB,7,3,0,10,7,70,57,8.1,5.7,0,84.2,1.3,15,42,6,1,1,0,0,2,24,4,14.3
421,Nick Herbig,24,PIT,LB,10,4,1,5,4,80,33,8.3,6.6,0,54.6,0.6,5,28,33,8,9,0,6.5,24,24,4,14.3
422,Alex Highsmith,28,PIT,LB,7,7,0,3,1,33.3,20,20,6.7,0,57.6,11.3,18,2,13,0,5,0,5.5,11,24,1,4
423,James Houston,27,DAL,DE,12,0,0,0,0,0,0,0,0,3,4,2,0,4.5,11,24,1,4,HousJa01,,,,
424,Tony Jefferson,33,LAC,S,7,4,2,12,7,58.3,102,14.6,8.5,0,46.5,18,60,42,1,0,0,0,0,0,24,4,14.3
425,Dexter Lawrence,28,NYG,DL,12,12,1,0,0,0,0,0,0,0,4,6,3,0.5,11,24,4,14.3,LawrDe03,,,,
426,Marist Liufau,24,DAL,LB,12,4,0,10,9,90,90,10,9,0,104.2,2.7,10,80,6,0,1,0,1,2,24,5,17.2
427,Nick McCloud,27,CHI,CB,12,4,0,23,19,82.6,224,11.8,9.7,2,136.2,8.9,157,67,5,0,0,0,0,0,24,2,7.7
428,Benjamin St-Juste,28,LAC,CB,11,2,1,30,16,53.3,168,10.5,5.6,1,67.1,11.9,112,56,1,0,0,0,0,0,24,0,0
429,Dante Stills,26,ARI,DL,11,3,0,0,0,0,0,0,0,0,0,0,1,0,0,24,2,7.7,StilDa01,,,,
430,Alex Wright,25,CLE,DE,9,4,0,2,2,100,3,1.5,1.5,0,79.2,-4.5,-9,12,0,2,0,0,3,5,24,2,7.7
431,Kris Abrams-Draine,24,DEN,CB,11,2,0,18,14,77.8,147,10.5,8.2,0,100.7,10,110,37,0,0,0,0,0,0,23,1,4.2
432,Joe Andreessen,25,BUF,LB,11,1,0,3,2,66.7,27,13.5,9,0,95.1,8,24,3,1,0,1,0,0,1,23,1,4.2
433,Arik Armstead,32,JAX,DT,11,11,0,2,1,50,3,3,1.5,0,56.2,0.5,-2,5,0,6,2,0,5.5,14,23,2,8
434,K.J. Britt,26,MIA,LB,11,1,0,7,5,71.4,62,12.4,8.9,2,138.1,5.7,40,22,0,0,0,0,0,0,23,0,0
435,Sydney Brown,25,PHI,S,12,2,0,4,3,75,37,12.3,9.3,0,103.1,8.3,20,17,1,0,0,0,0,0,23,2,8
436,Claudin Cherelus,27,CAR,LB,11,2,0,10,9,90,138,15.3,13.8,0,118.7,8.2,77,61,2,0,0,0,0,0,23,2,8
437,Dre Greenlaw,28,DEN,LB,4,4,0,8,4,50,26,6.5,3.3,0,57.3,0.1,-1,27,5,0,1,0,1,2,23,1,4.2
438,Ronnie Harrison,28,ATL,LB,5,2,0,9,8,88.9,69,8.6,7.7,0,98.6,0.6,2,67,17,2,1,2,2,5,23,6,20.7
439,Keyon Martin,24,BAL,CB,11,1,0,15,9,60,49,5.4,3.3,0,65.7,4.8,18,31,9,0,0,0,1,1,23,2,8
440,R.J. Mickens,24,LAC,S,8,2,2,10,6,60,46,7.7,4.6,0,31.7,8.1,31,15,1,0,0,0,0,0,23,3,11.5
441,Jer'Zhan Newton,23,WAS,DT,11,0,0,0,0,0,0,0,0,0,1,2,1,2,5,23,1,4.2,NewtJe00,,,,
442,Solomon Thomas,30,DAL,DT,11,1,0,0,0,0,0,0,0,0,5,1,1,0,6,23,1,4.2,ThomSo00,,,,
443,Jerome Baker,29,CLE,LB,11,4,0,3,3,100,21,7,7,0,95.8,1.7,5,16,5,0,0,0,1.5,2,22,3,12
444,Brandon Dorlus,24,ATL,DT,11,6,0,1,1,100,1,1,1,0,79.2,-5,-5,6,0,3,0,0,6,10,22,1,4.3
445,Ashton Gillotte,23,KAN,DE,12,1,0,0,0,0,0,0,0,0,2,1,0,0.5,4,22,1,4.3,GillAs00,,,,
446,Derrick Harmon,22,PIT,DT,9,5,0,0,0,0,0,0,0,0,2,1,0,2,6,22,1,4.3,HarmDe01,,,,
447,Zach Harrison,24,ATL,DL,7,7,0,0,0,0,0,0,0,0,1,0,1,4.5,6,22,2,8.3,HarrZa00,,,,
448,Rakeem Nunez-Roches,32,NYG,DL,8,5,0,1,0,0,0,0,0,39.6,-5,0,0,0,0,1,1,3,4,22,2,8.3,NuneRa00
449,Denzel Perryman,33,LAC,LB,6,6,0,11,6,54.5,77,12.8,7,0,76.7,5.2,7,70,4,0,0,0,0,0,22,4,15.4
450,Sheldon Rankins,31,HOU,DT,11,11,0,2,2,100,-8,-4,-4,0,79.2,-4.5,-9,1,0,3,2,0,1,6,22,2,8.3
451,T.J. Tampa,23,BAL,CB,12,1,1,9,7,77.8,63,9,7,2,95.8,13.1,50,13,0,0,0,0,0,0,22,1,4.3
452,Carrington Valentine,24,GNB,CB,12,7,0,39,20,51.3,210,10.5,5.4,3,92.9,10.2,174,36,1,0,0,0,0,0,22,4,15.4
453,Sam Williams,26,DAL,DE,12,5,0,2,1,50,19,19,9.5,0,83.3,0,2,17,4,10,2,1,1,13,22,4,15.4
454,Adetomiwa Adebawore,24,IND,DT,11,2,0,0,0,0,0,0,0,0,6,1,0,2,10,21,3,12.5,AdebAd00,,,,
455,Jahdae Barron,24,DEN,CB,11,2,1,23,13,56.5,162,12.5,7,2,89.4,11.5,69,93,6,0,0,0,0,0,21,3,12.5
456,Shaun Dolac,24,LAR,LB,11,0,0,2,2,100,17,8.5,8.5,0,102.1,6,12,5,1,0,0,0,0,0,21,0,0
457,A.J. Epenesa,27,BUF,DE,10,0,1,2,1,50,8,8,4,0,20.8,0.5,8,0,0,3,3,0,2.5,9,21,1,4.5
458,Kenneth Grant,22,MIA,DT,11,3,0,1,1,100,6,6,6,0,91.7,5,5,1,0,2,1,1,1.5,5,21,1,4.5
459,Bryce Huff,27,SFO,DL,10,3,0,5,5,100,23,4.6,4.6,1,125.4,-3.4,-17,40,4,7,9,1,4,20,21,4,16
460,D.J. Jones,30,DEN,DT,11,9,0,0,0,0,0,0,0,0,3,1,0,2,6,21,2,8.7,JoneD.01,,,,
461,Will McDonald,26,NYJ,DE,11,10,0,1,1,100,7,7,7,0,95.8,0,0,7,2,2,5,0,7,14,21,5,19.2
462,Dayo Odeyingbo,26,CHI,DL,8,8,0,2,2,100,2,1,1,1,118.7,-2.5,-5,7,0,2,3,1,1,6,21,1,4.5
463,Jordan Phillips,21,MIA,DT,11,10,0,0,0,0,0,0,0,0,1,0,0,0,1,21,1,4.5,PhilJo02,,,,
464,Malcolm Roach,27,DEN,DT,6,1,0,0,0,0,0,0,0,0,0,0,0,2,3,21,4,16,RoacMa01,,,,
465,Jack Sawyer,23,PIT,OLB,11,0,1,2,2,100,53,26.5,26.5,1,118.7,10.5,21,32,7,3,3,2,1,7,21,3,12.5
466,Josh Sweat,28,ARI,OLB,11,11,0,2,2,100,30,15,15,0,118.7,13,26,4,12,7,7,1,9,23,21,0,0
467,Cam Taylor-Britt,26,CIN,CB,8,2,0,28,19,67.9,241,12.7,8.6,4,134.1,8.5,117,124,4,0,1,0,0,1,21,6,22.2
468,Darious Williams,32,LAR,CB,9,3,1,34,18,52.9,220,12.2,6.5,3,90.3,12,141,79,0,0,0,0,0,0,21,1,4.5
469,Tyree Wilson,25,LVR,DE,11,1,0,2,1,50,-2,-2,-1,0,56.2,5.5,-4,2,2,5,2,0,2,9,21,2,8.7
470,Christian Barmore,26,NWE,DT,12,11,0,0,0,0,0,0,0,0,2,5,0,1,8,20,3,13,BarmCh00,,,,
471,Andrew Billings,30,CHI,DL,12,9,0,0,0,0,0,0,0,0,1,0,0,0,1,20,4,16.7,BillAn00,,,,
472,Chris Braswell,24,TAM,OLB,11,0,0,4,3,75,18,6,4.5,0,83.3,-2.3,-12,30,5,0,3,0,0,3,20,1,4.8
473,Jamaree Caldwell,25,LAC,DT,11,5,0,0,0,0,0,0,0,0,2,0,0,1,3,20,2,9.1,CaldJa00,,,,
474,Kalia Davis,27,SFO,DL,12,12,0,0,0,0,0,0,0,0,1,1,1,0.5,3,20,2,9.1,DaviKa01,,,,
475,Derick Hall,24,SEA,OLB,9,3,0,3,2,66.7,14,7,4.7,0,77.1,-0.7,1,13,1,7,8,1,1,16,20,6,23.1
476,Logan Hall,25,TAM,DL,11,10,0,2,1,50,15,15,7.5,0,75,3.5,-5,20,0,3,1,0,0.5,5,20,2,9.1
477,Chris Jones,31,KAN,DT,12,12,0,0,0,0,0,0,0,0,2,9,1,3,14,20,1,4.8,JoneCh09,,,,
478,Malcolm Koonce,27,LVR,DE,11,1,0,2,2,100,11,5.5,5.5,0,89.6,-0.5,-1,12,2,2,1,0,2,5,20,2,9.1
479,James Pierre,29,PIT,CB,11,2,0,28,11,39.3,99,9,3.5,0,49.6,7.6,29,70,0,0,0,0,0,0,20,4,16.7
480,Darien Porter,24,LVR,CB,11,4,0,13,8,61.5,91,11.4,7,0,82.5,10.2,66,25,0,0,0,0,0,0,20,2,9.1
481,D.J. Reader,31,DET,DL,12,12,0,0,0,0,0,0,0,0,3,3,0,0,6,20,1,4.8,ReadD.00,,,,
482,D.J. Reed,29,DET,CB,6,6,1,19,9,47.4,132,14.7,6.9,0,48.6,15.3,102,30,1,0,0,0,0,0,20,1,4.8
483,Teair Tart,28,LAC,DL,11,11,0,1,1,100,9,9,9,0,104.2,-3,-3,12,0,0,1,2,0,1,20,2,9.1
484,Vita Vea,30,TAM,NT,11,11,0,1,0,0,0,0,0,39.6,2,0,0,0,2,4,1,2.5,9,20,2,9.1,VeaxVi00
485,Travon Walker,25,JAX,DE,9,7,0,1,1,100,13,13,13,0,118.7,3,3,10,2,3,4,1,2.5,10,20,1,4.8
486,Mykel Williams,21,SFO,DL,9,9,0,2,2,100,12,6,6,0,91.7,-4,-8,20,0,1,2,0,1,4,20,0,0
487,Kevin Winston,22,TEN,S,7,3,0,6,5,83.3,94,18.8,15.7,0,118.7,9.7,45,49,7,0,2,0,0,2,20,0,0
488,Isaac Yiadom,29,NOR,CB,8,1,0,14,13,92.9,159,12.2,11.4,1,137.8,9.9,79,80,0,0,0,0,0,0,20,0,0
489,Mohamoud Diabate,24,CLE,LB,11,2,0,2,2,100,10,5,5,0,87.5,-2.5,-5,15,4,0,0,0,0,0,19,1,5
490,Braden Fiske,25,LAR,DE,11,11,0,1,1,100,0,0,0,0,79.2,-1,-1,1,0,7,3,0,1,11,19,0,0
491,John Franklin-Myers,29,DEN,DL,11,10,0,1,0,0,0,0,0,39.6,-3,0,0,0,4,4,0,4.5,13,19,1,5,FranJo02
492,Daniel Hardy,27,CHI,DL,12,1,0,1,1,100,2,2,2,0,79.2,-3,-3,5,0,0,1,0,0,1,19,1,5
493,Nate Hobbs,26,GNB,CB,7,5,0,23,15,65.2,170,11.3,7.4,2,116.2,12.9,140,30,0,0,0,0,0,0,19,3,13.6
494,Donte Jackson,30,LAC,CB,11,10,3,33,15,45.5,173,11.5,5.2,2,44.1,12.1,111,62,0,0,0,0,0,0,19,5,20.8
495,Grady Jarrett,32,CHI,DL,9,3,0,1,1,100,5,5,5,0,87.5,-4,-4,9,0,0,5,1,0,5,19,0,0
496,Will Johnson,22,ARI,CB,6,4,0,29,18,62.1,181,10.1,6.2,1,91.3,7.9,147,34,0,0,0,0,0,0,19,2,9.5
497,Devon Key,28,DEN,DB,11,0,0,1,0,0,0,0,0,39.6,29,0,0,0,0,0,0,0,0,19,0,0,KeyxDe00
498,Tyler Lacy,26,DET,DT,9,4,0,0,0,0,0,0,0,0,1,1,0,1,3,19,0,0,LacyTy00,,,,
499,Marte Mapu,26,NWE,LB,12,0,1,15,11,73.3,119,10.8,7.9,0,68.5,3.7,31,88,0,0,0,0,0,0,19,1,5
500,Al-Quadin Muhammad,30,DET,DE,12,0,0,1,1,100,15,15,15,0,118.7,15,15,0,0,5,5,0,6,17,19,0,0
501,PJ Mustipher,26,ARI,DT,11,0,0,0,0,0,0,0,0,0,0,0,1,0,0,19,1,5,MustPJ00,,,,
502,Roy Robertson-Harris,32,NYG,DT,12,12,0,1,1,100,5,5,5,1,127.1,4,4,1,0,4,4,1,0,8,19,1,5
503,Nolan Smith,24,PHI,OLB,7,7,0,4,3,75,21,7,5.3,0,86.5,-1.5,1,20,15,1,4,0,2,7,19,1,5
504,Isaiah Stalbird,25,NOR,LB,11,0,0,0,0,0,0,0,0,4,1,0,1,1,2,19,0,0,StalIs00,,,,
505,Jahlani Tavai,29,NWE,LB,7,4,0,6,5,83.3,43,8.6,7.2,0,96.5,1.8,14,29,7,0,0,0,0,0,19,0,0
506,Khyiris Tonga,29,NWE,DL,12,6,0,2,1,50,-2,-2,-1,0,56.2,-4,-3,1,0,1,2,2,0,3,19,1,5
507,Korie Black,23,NYG,CB,5,2,0,15,12,80,242,20.2,16.1,3,158.3,13.5,153,89,0,0,0,0,0,0,18,1,5.3
508,Jowon Briggs,24,NYJ,DT,11,2,0,0,0,0,0,0,0,0,0,3,0,3,6,18,4,18.2,BrigJo00,,,,
509,Bobby Brown,25,CAR,NT,12,3,0,0,0,0,0,0,0,0,0,0,0,0,0,18,1,5.3,BrowBo04,,,,
510,K'Lavon Chaisson,26,NWE,LB,11,8,0,3,2,66.7,15,7.5,5,0,78.5,4.3,7,8,7,6,6,0,6.5,19,18,3,14.3
511,Trevon Diggs,27,DAL,CB,6,4,0,16,11,68.8,191,17.4,11.9,3,148.7,13.6,152,39,2,0,0,0,0,0,18,2,10
512,Eddie Goldman,31,WAS,DT,10,5,0,0,0,0,0,0,0,0,0,0,0,0,0,18,2,10,GoldEd00,,,,
513,Deion Jones,31,TAM,MLB,11,0,0,2,2,100,22,11,11,0,112.5,8.5,17,5,2,1,0,0,0,1,18,1,5.3
514,Kerby Joseph,25,DET,S,6,6,3,15,10,66.7,127,12.7,8.5,2,92.9,12.6,77,50,1,0,0,0,0,0,18,4,18.2
515,Julian Love,27,SEA,FS,3,3,0,10,6,60,82,13.7,8.2,0,86.2,12.3,69,13,5,0,0,0,1,1,18,1,5.3
516,Darrell Luter,25,SFO,CB,12,1,0,13,7,53.8,100,14.3,7.7,0,79,9.5,87,13,0,0,0,0,0,0,18,0,0
517,Marcelino McCrary-Ball,26,NYJ,LB,4,0,0,4,3,75,34,11.3,8.5,0,100,3.5,11,23,5,0,0,0,0,0,18,2,10
518,Ruke Orhorhoro,24,ATL,DT,11,5,0,0,0,0,0,0,0,0,1,0,0,2.5,4,18,0,0,OrhoRu00,,,,
519,Elijah Ponder,23,NWE,LB,10,0,0,0,0,0,0,0,0,0,1,0,0,2,3,18,0,0,PondEl02,,,,
520,Sam Roberts,27,ATL,DT,5,1,0,0,0,0,0,0,0,0,0,1,0,1,2,18,0,0,RobeSa00,,,,
521,Darius Robinson,24,ARI,DL,9,8,0,0,0,0,0,0,0,0,1,0,0,1,2,18,1,5.3,RobiDa01,,,,
522,Charles Snowden,27,LVR,DE,9,5,1,7,6,85.7,37,6.2,5.3,0,49.1,1,5,32,3,2,1,1,1,4,18,0,0
523,Cameron Thomas,25,CLE,DE,11,0,0,0,0,0,0,0,0,0,2,2,0,2.5,8,18,0,0,ThomCa03,,,,
524,Dalvin Tomlinson,31,ARI,DT,11,11,0,1,1,100,20,20,20,0,118.7,-3,-3,23,0,1,2,1,0,3,18,0,0
525,Joshua Uche,27,PHI,OLB,11,0,0,1,0,0,0,0,0,39.6,1,0,0,3,2,1,1,1,4,18,0,0,UcheJo00
526,Nick Bosa,28,SFO,DL,3,3,0,1,1,100,-8,-8,-8,0,79.2,-8,-8,0,0,0,2,0,2,4,17,0,0
527,Karl Brooks,25,GNB,DL,11,3,0,2,1,50,20,20,10,0,85.4,-3,-4,24,0,1,4,1,0.5,6,17,3,15
528,Myles Bryant,27,HOU,CB,5,2,0,14,7,50,55,7.9,3.9,0,60.1,4.2,38,17,3,0,0,0,0,0,17,2,10.5
529,Samson Ebukam,30,IND,DE,8,1,0,4,3,75,30,10,7.5,0,95.8,2,8,22,1,1,3,0,2,6,17,1,5.6
530,Shelby Harris,34,CLE,DT,11,0,0,1,1,100,-9,-9,-9,0,79.2,-9,-9,0,0,0,2,2,0.5,3,17,2,10.5
531,James Lynch,26,TEN,DL,11,1,0,0,0,0,0,0,0,0,1,2,0,0,3,17,0,0,LyncJa00,,,,
532,Bam Martin-Scott,25,CAR,LB,12,0,0,0,0,0,0,0,0,1,0,0,0,0,0,17,0,0,MartBa00,,,,
533,Amen Ogbongbemiga,27,CHI,LB,4,1,0,4,4,100,31,7.8,7.8,0,99,3.8,15,16,1,0,0,0,0,0,17,1,5.6
534,Charles Omenihu,28,KAN,DE,12,0,0,3,2,66.7,10,5,3.3,0,71.5,0.7,-3,13,0,4,3,0,2,9,17,2,10.5
535,Jonathan Owens,30,CHI,S,12,0,0,4,4,100,37,9.3,9.3,0,105.2,6.5,26,11,6,0,0,0,0,0,17,0,0
536,Jarran Reed,33,SEA,NT,8,2,0,1,1,100,5,5,5,0,87.5,2,2,3,0,0,2,0,1.5,4,17,1,5.6
537,Quincy Riley,24,NOR,CB,11,2,1,25,15,60,184,12.3,7.4,1,79.4,13.5,141,43,0,0,0,0,0,0,17,2,10.5
538,Tavius Robinson,26,BAL,OLB,6,6,0,2,2,100,28,14,14,0,118.7,0,0,28,2,2,1,0,2,5,17,3,15
539,Tavierre Thomas,29,MIN,S,11,0,0,1,1,100,6,6,6,0,91.7,3,3,3,0,0,0,0,0,0,17,0,0
540,Jihad Ward,31,TEN,OLB,11,6,0,4,3,75,4,1.3,1,1,116.7,0,-6,10,11,1,9,2,3.5,14,17,1,5.6
541,Chase Young,26,NOR,DE,6,6,0,0,0,0,0,0,0,4,11,2,3,4,18,17,1,5.6,YounCh04,,,,
542,Trikweze Bridges,25,DAL,CB,11,1,1,18,10,55.6,131,13.1,7.3,2,92.6,13.3,112,19,0,0,0,0,0,0,16,1,5.9
543,Baron Browning,26,ARI,OLB,9,7,1,11,8,72.7,68,8.5,6.2,0,50.6,0.8,-2,70,18,1,3,0,2,6,16,4,20
544,Alijah Clark,22,DAL,DB,7,1,0,3,1,33.3,16,16,5.3,0,52.1,27.7,14,2,0,0,0,0,0,0,16,0,0
545,Johnathan Edwards,24,IND,CB,9,3,0,18,12,66.7,203,16.9,11.3,1,123.1,16.7,150,53,0,0,0,0,0,0,16,2,11.1
546,Tommy Eichenberg,24,LVR,LB,11,0,0,2,1,50,9,9,4.5,0,62.5,5.5,2,7,3,0,0,0,0,0,16,0,0
547,Malik Harrison,27,PIT,OLB,5,4,0,5,4,80,33,8.3,6.6,0,94.2,1.6,8,25,3,0,0,0,0,0,16,5,23.8
548,Trey Hendrickson,31,CIN,DE,7,7,0,0,0,0,0,0,0,0,3,5,1,4,12,16,2,11.1,HendTr00,,,,
549,Jonathan Jones,32,WAS,CB,7,2,0,12,8,66.7,133,16.6,11.1,0,103.8,14.8,81,52,0,0,0,0,1,1,16,2,11.1
550,Chris Lammons,29,IND,CB,8,1,1,14,9,64.3,48,5.3,3.4,0,40.2,6.5,31,17,3,0,0,0,0,0,16,2,11.1
551,Boye Mafe,27,SEA,LB,11,4,0,3,3,100,36,12,12,0,116.7,-0.3,-1,37,5,9,3,1,1,13,16,2,11.1
552,Haason Reddick,31,TAM,OLB,7,7,0,6,4,66.7,31,7.8,5.2,0,79.2,2,3,28,16,2,3,0,1.5,7,16,2,11.1
553,Troy Reeder,31,LAR,LB,11,1,0,3,2,66.7,11,5.5,3.7,1,112.5,2.7,3,8,0,0,0,0,0,0,16,0,0
554,T'Vondre Sweat,24,TEN,NT,6,6,0,1,1,100,7,7,7,0,95.8,-3,-3,10,0,1,0,1,2,3,16,1,5.9
555,Rodney Thomas II,27,IND,S,11,0,0,7,4,57.1,67,16.8,9.6,0,89.6,13.4,53,14,0,0,0,0,0,0,16,0,0
556,Princely Umanmielen,23,CAR,OLB,11,0,0,3,3,100,30,10,10,0,108.3,3,9,21,3,0,2,0,1.5,4,16,1,5.9
557,Charvarius Ward,29,IND,CB,5,5,0,32,18,56.3,204,11.3,6.4,1,85.9,9.1,139,65,0,0,0,0,0,0,16,5,23.8
558,Darnell Savage Jr.,28,2TM,S,10,0,0,16,12,75,114,9.5,7.1,3,133.9,8.8,55,59,1,1,0,0,0,1,16,4,20
559,Darnell Savage Jr.,28,JAX,S,2,0,0,2,1,50,10,10,5,0,64.6,18.5,10,0,0,0,0,0,0,0,1,1,50
560,Darnell Savage Jr.,28,WAS,S,8,0,0,14,11,78.6,104,9.5,7.4,3,137.2,7.4,45,59,1,1,0,0,0,1,15,3,16.7
561,Zaire Barnes,26,NYG,LB,6,0,0,8,6,75,42,7,5.3,1,126,2.5,7,35,1,0,0,0,0,0,15,1,6.3
562,Da'Shawn Hand,30,LAC,DL,7,7,0,1,0,0,0,0,0,39.6,-8,0,0,0,2,3,0,1,6,15,1,6.3,HandDa00
563,Darnay Holmes,27,LVR,CB,10,0,0,22,16,72.7,190,11.9,8.6,1,113.8,10.3,121,69,6,1,0,0,0,1,15,1,6.3
564,Jalyn Holmes,29,WAS,DE,7,3,0,0,0,0,0,0,0,0,0,1,0,0,1,15,1,6.3,HolmJa01,,,,
565,Travis Hunter,22,JAX,WR,7,4,0,18,9,50,106,11.8,5.9,0,68.3,7.7,77,29,0,0,0,0,0,0,15,0,0
566,Mike Morris,24,SEA,DE,11,0,0,3,2,66.7,11,5.5,3.7,0,72.9,-3,-4,15,0,0,1,1,0,1,15,0,0
567,Josh Newton,25,CIN,CB,12,2,0,21,13,61.9,167,12.8,8,2,118.6,9,70,97,0,0,0,0,0,0,15,10,40
568,Trevor Nowaske,27,DET,LB,10,0,0,0,0,0,0,0,0,3,0,0,0,1,1,15,0,0,NowaTr00,,,,
569,Josaiah Stewart,22,LAR,OLB,11,0,0,6,3,50,13,4.3,2.2,0,56.2,0.8,3,10,5,0,3,1,2,5,15,1,6.3
570,Azareye'h Thomas,21,NYJ,CB,10,3,0,18,8,44.4,139,17.4,7.7,1,89.8,16.4,98,41,1,0,0,0,0,0,15,1,6.3
571,Jeremiah Trotter Jr.,23,PHI,LB,12,0,0,1,1,100,5,5,5,0,87.5,-4,-4,9,0,0,0,0,0,0,15,1,6.3
572,Kyle Van Noy,34,BAL,OLB,10,9,0,1,1,100,9,9,9,0,104.2,5,5,4,3,6,5,1,2,13,15,2,11.8
573,Byron Young,25,PHI,DT,12,1,0,0,0,0,0,0,0,0,1,1,0,0,2,15,0,0,YounBy00,,,,
574,Michael Carter II,26,2TM,CB,9,4,0,15,9,60,163,18.1,10.9,0,97.4,5,26,137,6,1,0,0,0,1,15,4,21.1
575,Michael Carter II,26,NYJ,CB,5,4,0,12,8,66.7,156,19.5,13,0,109.7,6.3,32,124,6,1,0,0,0,1,14,4,22.2
576,Michael Carter II,26,PHI,CB,4,0,0,3,1,33.3,7,7,2.3,0,42.4,0,-6,13,0,0,0,0,0,0,1,0,0
577,Julius Brents,25,MIA,CB,7,2,0,10,6,60,44,7.3,4.4,0,70.4,9.9,31,13,0,0,0,0,0,0,14,2,12.5
578,Jordan Burch,24,ARI,OLB,11,0,0,1,1,100,33,33,33,0,118.7,24,24,9,8,4,0,1,1,5,14,3,17.6
579,Damone Clark,25,DAL,LB,8,2,0,2,1,50,4,4,2,0,56.2,10,4,0,4,0,0,0,0,0,14,1,6.7
580,Michael Danna,28,KAN,DE,10,9,1,1,1,100,3,3,3,0,39.6,-3,-3,6,0,0,2,0,1,3,14,1,6.7
581,Bud Dupree,32,LAC,OLB,11,4,0,8,4,50,16,4,2,0,56.2,-0.3,-12,28,6,1,0,1,1,2,14,2,12.5
582,Jonah Elliss,22,DEN,OLB,8,0,0,2,2,100,8,4,4,0,83.3,-3.5,-7,15,12,4,1,0,1,6,14,0,0
583,Jake Hansen,27,HOU,LB,11,0,0,0,0,0,0,0,0,1,0,0,0,0,0,14,1,6.7,HansJa01,,,,
584,Ty'Ron Hopper,24,GNB,LB,12,1,0,2,0,0,0,0,0,39.6,-2,0,0,0,0,0,0,0,0,14,0,0,HoppTy00
585,Dylan Horton,25,HOU,DE,10,0,0,0,0,0,0,0,0,0,1,3,0,0.5,5,14,2,12.5,HortDy00,,,,
586,Matt Judon,33,MIA,OLB,10,1,0,0,0,0,0,0,0,6,3,1,0,0,4,14,1,6.7,JudoMa00,,,,
587,Khalil Mack,34,LAC,OLB,7,6,0,1,1,100,3,3,3,0,79.2,3,3,0,5,3,1,0,4,8,14,3,17.6
588,Arthur Maulet,32,DET,CB,6,0,1,17,12,70.6,139,11.6,8.2,1,90.1,7.9,110,29,4,0,0,0,0,0,14,0,0
589,Cooper McDonald,24,KAN,LB,12,0,0,0,0,0,0,0,0,1,0,0,0,0,0,14,1,6.7,McDoCo01,,,,
590,Emmanuel Ogbah,32,JAX,DL,10,3,0,1,1,100,8,8,8,0,100,4,4,4,0,2,3,0,0.5,6,14,0,0
591,Jeff Okudah,26,MIN,CB,6,0,0,12,11,91.7,175,15.9,14.6,1,146.5,14,147,28,1,0,0,0,0,0,14,0,0
592,Tim Settle,28,HOU,DT,11,11,0,1,1,100,3,3,3,0,79.2,-4,-4,7,0,0,0,3,1,1,14,6,30
593,Corey Thornton,25,CAR,CB,12,0,0,16,9,56.3,81,9,5.1,0,70.1,10.2,52,29,1,0,0,0,0,0,14,2,12.5
594,Brent Urban,34,BAL,DL,10,4,0,0,0,0,0,0,0,0,0,0,0,0.5,1,14,0,0,UrbaBr00,,,,
595,Darius Alexander,25,NYG,DT,11,2,0,0,0,0,0,0,0,0,2,1,1,2.5,6,13,2,13.3,AlexDa01,,,,
596,Alex Austin,24,NWE,CB,12,2,0,12,10,83.3,142,14.2,11.8,1,143.7,13.4,117,25,1,0,0,0,0,0,13,3,18.8
597,D'Anthony Bell,29,SEA,S,10,2,0,2,2,100,18,9,9,0,104.2,7.5,15,3,2,0,0,0,0.5,1,13,2,13.3
598,Austin Booker,23,CHI,DL,5,4,0,0,0,0,0,0,0,0,3,1,0,1,5,13,0,0,BookAu00,,,,
599,Micheal Clemons,28,NYJ,DL,11,4,0,0,0,0,0,0,0,0,3,2,1,0,5,13,4,23.5,ClemMi03,,,,
600,Jaylen Harrell,23,TEN,OLB,11,0,0,3,3,100,28,9.3,9.3,0,105.6,3.3,10,18,0,0,1,0,0.5,2,13,0,0
601,Elijah Hicks,26,CHI,DB,12,0,0,3,2,66.7,17,8.5,5.7,0,81.2,12.3,13,4,2,0,0,0,0,0,13,0,0
602,Jordan Howden,25,NOR,DB,10,0,0,5,4,80,38,9.5,7.6,0,98.3,4.6,-1,39,0,0,0,0,0,0,13,1,7.1
603,Jake Hummel,26,BAL,LB,12,0,0,0,0,0,0,0,0,1,0,0,0,0,0,13,0,0,HummJa00,,,,
604,Anfernee Jennings,28,NWE,LB,9,0,0,1,1,100,5,5,5,0,87.5,-4,-4,9,4,0,1,0,1,2,13,1,7.1
605,DaQuan Jones,34,BUF,DT,8,8,0,0,0,0,0,0,0,0,3,4,1,3,10,13,1,7.1,JoneDa04,,,,
606,Von Miller,36,WAS,LB,11,1,0,2,2,100,9,4.5,4.5,0,85.4,-3,-6,15,6,3,2,0,5,12,13,2,13.3
607,Benjamin Morrison,21,TAM,CB,7,0,0,23,14,60.9,250,17.9,10.9,2,127.1,14.5,152,98,2,0,0,0,0,0,13,2,13.3
608,Patrick O'Connell,27,SEA,LB,3,0,0,6,5,83.3,31,6.2,5.2,0,88.2,4.8,28,3,1,0,0,0,1,1,13,0,0
609,CJ Okoye,24,BAL,DL,9,0,0,1,0,0,0,0,0,39.6,-3,0,0,0,0,1,1,0,1,13,0,0,OkoyCJ00
610,Oluwafemi Oladejo,22,TEN,OLB,6,2,0,4,4,100,34,8.5,8.5,0,102.1,1.8,7,27,1,1,2,0,0,3,13,2,13.3
611,James Pearce,22,ATL,DE,11,3,0,5,1,20,15,15,3,0,39.6,0,-6,21,21,7,4,0,4,16,13,1,7.1
612,Del'Shawn Phillips,29,LAC,LB,11,0,0,1,0,0,0,0,0,39.6,4,0,0,0,0,0,0,0,0,13,1,7.1,PhilDe00
613,Dominique Robinson,27,CHI,DL,9,0,0,3,3,100,53,17.7,17.7,0,118.7,3.7,11,42,0,0,1,0,1.5,3,13,1,7.1
614,Tremon Smith,29,HOU,CB,11,0,0,11,4,36.4,30,7.5,2.7,0,44.9,13.4,23,7,0,0,0,0,0,0,13,1,7.1
615,Dawuane Smoot,30,JAX,DE,11,0,0,2,0,0,0,0,0,39.6,-5.5,0,0,0,1,2,0,1,4,13,1,7.1,SmooDa00
616,Tyleik Williams,22,DET,DT,12,9,0,0,0,0,0,0,0,0,0,1,3,0,1,13,2,13.3,WillTy02,,,,
617,Krys Barnes,27,CAR,LB,3,1,0,2,2,100,20,10,10,0,108.3,2,4,16,1,0,0,0,0,0,12,2,14.3
618,Leonard Floyd,33,ATL,DE,9,9,0,1,1,100,15,15,15,0,118.7,-3,-3,18,7,5,6,1,1.5,13,12,3,20
619,Marcus Harris,24,TEN,CB,10,1,0,12,6,50,59,9.8,4.9,0,64.2,8.8,32,27,3,2,0,0,0,2,12,0,0
620,Adin Huntington,23,CLE,DT,10,0,0,0,0,0,0,0,0,0,0,0,0,0.5,1,12,1,7.7,HuntAd00,,,,
621,Benito Jones,28,MIA,DT,10,6,0,0,0,0,0,0,0,0,1,0,0,1,2,12,2,14.3,JoneBe03,,,,
622,Marshawn Kneeland,24,DAL,DE,7,3,0,1,1,100,25,25,25,0,118.7,-4,-4,29,0,1,0,0,1,2,12,4,25
623,LaCale London,28,ATL,DL,7,1,0,0,0,0,0,0,0,0,0,0,0,3,3,12,1,7.7,LondLa00,,,,
624,Caleb Murphy,26,LAC,OLB,6,0,0,1,1,100,4,4,4,0,83.3,-2,-2,6,1,1,0,0,0.5,2,12,1,7.7
625,Ed Oliver,28,BUF,DT,3,3,0,0,0,0,0,0,0,0,0,1,0,3,4,12,0,0,OlivEd00,,,,
626,DeMarvion Overshown,25,DAL,LB,3,3,0,8,8,100,18,2.3,2.3,0,79.2,-1.9,-15,33,1,0,0,0,0,0,12,0,0
627,Dell Pettus,24,NWE,S,12,0,0,8,5,62.5,49,9.8,6.1,0,79.7,5.5,28,21,1,0,0,0,0,0,12,0,0
628,Nehemiah Pritchett,24,SEA,CB,11,0,0,9,6,66.7,80,13.3,8.9,3,134.3,8.6,66,14,0,0,0,0,0,0,12,0,0
629,Jaylen Reed,22,HOU,S,6,0,0,7,7,100,93,13.3,13.3,0,118.7,3.9,27,66,1,0,0,0,0,0,12,1,7.7
630,Preston Smith,33,WAS,DE,7,0,0,1,1,100,2,2,2,0,79.2,-2,-2,4,0,1,1,0,0,2,12,0,0
631,Jerry Tillery,29,KAN,DL,12,3,0,0,0,0,0,0,0,0,0,0,0,1,1,12,3,20,TillJe00,,,,
632,Kindle Vildor,28,TAM,CB,6,1,1,14,9,64.3,101,11.2,7.2,1,79.8,7.4,65,36,0,0,0,0,0,0,12,1,7.7
633,CJ West,23,SFO,DT,9,0,0,1,1,100,4,4,4,0,83.3,-4,-4,8,1,1,0,0,0,1,12,0,0
634,Yahya Black,23,PIT,DE,11,1,0,0,0,0,0,0,0,0,1,1,0,0,2,11,1,8.3,BlacYa00,,,,
635,Ethan Bonner,26,MIA,CB,8,0,0,6,3,50,72,24,12,1,133.3,12.3,50,22,0,0,0,0,0,0,11,1,8.3
636,Matthew Butler,26,MIA,DT,10,1,0,0,0,0,0,0,0,0,1,2,0,0,3,11,1,8.3,ButlMa02,,,,
637,Percy Butler,25,WAS,S,10,1,0,2,2,100,39,19.5,19.5,0,118.7,8,16,23,1,0,0,0,0,0,11,0,0
638,Sheldon Day,31,WAS,DT,5,0,0,0,0,0,0,0,0,0,1,1,0,0,2,11,0,0,DayxSh00,,,,
639,Joshua Farmer,22,NWE,DT,10,1,0,1,0,0,0,0,0,39.6,-5,0,0,0,0,0,0,0,0,11,0,0,FarmJo00
640,Dante Fowler,31,DAL,DE,12,9,0,1,1,100,4,4,4,0,83.3,0,0,4,4,6,7,2,3,16,11,0,0
641,Will Harris,30,WAS,FS,3,3,0,6,4,66.7,51,12.8,8.5,1,132.6,8.8,38,13,2,0,0,0,0,0,11,1,8.3
642,Xavien Howard,32,IND,CB,4,4,0,21,14,66.7,176,12.6,8.4,2,124.3,9.4,116,60,0,0,0,0,0,0,11,1,8.3
643,Carl Jones,24,CHI,LB,9,0,0,0,0,0,0,0,0,1,0,0,0,0,0,11,0,0,JoneCa05,,,,
644,Arden Key,29,TEN,OLB,7,5,0,2,2,100,4,2,2,0,79.2,-1.5,-3,7,3,0,4,0,4,9,11,1,8.3
645,Rayuan Lane,22,JAX,S,11,0,0,1,0,0,0,0,0,39.6,36,0,0,0,0,0,0,0,0,11,0,0,LaneRa00
646,Braiden McGregor,24,NYJ,DE,9,0,0,2,2,100,46,23,23,0,118.7,-3.5,-7,53,2,2,1,1,1,4,11,3,21.4
647,Alim McNeill,25,DET,DL,6,6,0,1,1,100,1,1,1,0,79.2,-4,-4,5,0,2,0,1,0,2,11,2,15.4
648,Tyler Owens,24,WAS,S,11,1,0,5,5,100,102,20.4,20.4,2,158.3,11.6,58,44,3,0,0,0,0,0,11,1,8.3
649,Jabrill Peppers,30,PIT,S,8,1,0,7,4,57.1,37,9.3,5.3,1,111.3,3.1,14,23,0,0,0,0,0,0,11,1,8.3
650,Elijah Roberts,24,TAM,DL,11,4,0,0,0,0,0,0,0,0,3,2,3,2,8,11,0,0,RobeEl01,,,,
651,Maason Smith,23,JAX,DT,10,0,0,0,0,0,0,0,0,0,3,0,0,0,3,11,1,8.3,SmitMa07,,,,
652,Javon Solomon,24,BUF,DE,11,0,0,1,1,100,4,4,4,0,83.3,-3,-3,7,0,0,1,0,1,2,11,0,0
653,Lukas Van Ness,24,GNB,DL,6,1,0,0,0,0,0,0,0,0,4,4,0,1.5,10,11,0,0,VanNLu00,,,,
654,Tyrus Wheat,26,DET,DE,10,0,0,0,0,0,0,0,0,0,0,0,0,1.5,2,11,0,0,WheaTy02,,,,
655,Chris Williams,27,CHI,DT,9,0,0,0,0,0,0,0,0,0,0,1,0,1,2,11,0,0,WillCh08,,,,
656,Derek Barnett,29,HOU,DE,11,0,0,0,0,0,0,0,0,0,2,2,0,2,6,10,1,9.1,BarnDe01,,,,
657,Jeffrey Bassa,23,KAN,LB,12,0,0,1,1,100,9,9,9,0,104.2,3,3,6,0,0,0,0,0,0,10,0,0
658,Terrell Burgess,27,NOR,S,10,1,0,4,1,25,29,29,7.3,0,57.3,18,22,7,1,0,0,0,0,0,10,0,0
659,Jack Cochrane,26,KAN,LB,12,0,1,1,0,0,0,0,0,0,7,0,0,2,0,0,0,0,0,10,0,0,CochJa00
660,Greg Gaines,29,TAM,DL,11,4,0,1,1,100,28,28,28,0,118.7,4,4,24,0,0,0,0,1,1,10,2,16.7
661,Willie Gay Jr.,27,MIA,LB,11,2,0,4,3,75,19,6.3,4.8,0,84.4,4,11,8,6,0,0,0,1,1,10,0,0
662,DeMarcco Hellams,25,ATL,S,10,0,0,1,1,100,7,7,7,0,95.8,-5,-5,12,0,0,0,0,0,0,10,1,9.1
663,Noah Igbinoghene,26,WAS,CB,9,0,0,7,4,57.1,66,16.5,9.4,0,89,16.4,55,11,0,0,0,0,0,0,10,0,0
664,Jaylon Jones,28,CHI,CB,10,1,0,3,3,100,33,11,11,0,112.5,8.7,26,7,0,0,0,0,0,0,10,0,0
665,Naquan Jones,27,LAC,DL,8,0,0,0,0,0,0,0,0,0,0,0,1,0,0,10,1,9.1,JoneNa01,,,,
666,Avonte Maddox,29,DET,CB,10,0,0,6,4,66.7,40,10,6.7,1,125,12.2,32,8,0,0,0,0,0,0,10,0,0
667,Nick Martin,23,SFO,LB,6,0,0,3,3,100,21,7,7,0,95.8,2,6,15,0,0,0,0,0,0,10,0,0
668,Tristin McCollum,26,LVR,S,10,0,0,5,3,60,28,9.3,5.6,0,75.4,12.6,15,13,1,0,0,0,0,0,10,2,16.7
669,Donovan McMillon,23,CLE,S,11,0,0,0,0,0,0,0,0,0,0,0,0,1,1,10,0,0,McMiDo00,,,,
670,Pat O'Connor,32,DET,DL,8,3,0,0,0,0,0,0,0,0,1,0,1,0,1,10,0,0,OConPa00,,,,
671,David Ojabo,25,BAL,OLB,9,0,0,0,0,0,0,0,0,2,1,1,0,0.5,3,10,2,16.7,OjabDa00,,,,
672,Za'Darius Smith,33,PHI,OLB,5,2,0,1,1,100,5,5,5,0,87.5,-1,-1,6,1,3,0,0,1.5,5,10,1,9.1
673,Nazir Stackhouse,23,GNB,DT,12,0,0,1,1,100,10,10,10,0,108.3,-1,-1,11,0,0,0,0,0,0,10,0,0
674,Dorian Strong,23,BUF,CB,4,1,0,6,4,66.7,61,15.3,10.2,0,100,5.3,10,51,1,0,0,0,0,0,10,0,0
675,Jay Tufele,26,NYJ,DT,8,1,0,0,0,0,0,0,0,0,3,0,0,0,3,10,2,16.7,TufeJa00,,,,
676,Josh Wallace,25,LAR,CB,11,0,0,7,6,85.7,54,9,7.7,0,98.8,3.7,29,25,2,1,0,0,0,1,10,0,0
677,Josh Woods,29,ATL,LB,8,0,0,3,3,100,34,11.3,11.3,0,113.9,2,6,28,0,0,0,0,0,0,10,1,9.1
678,Trevis Gipson,28,2TM,OLB,8,0,0,2,1,50,6,6,3,0,56.2,-1,-5,11,0,0,0,0,0,0,10,1,9.1
679,Trevis Gipson,28,SFO,DL,4,0,0,0,0,0,0,0,0,0,0,0,0,0,0,2,1,33.3,GipsTr00,,,,
680,Trevis Gipson,28,CAR,OLB,4,0,0,2,1,50,6,6,3,0,56.2,-1,-5,11,0,0,0,0,0,0,8,0,0
681,Tyler Baron,24,NYJ,DL,5,0,0,0,0,0,0,0,0,0,0,0,0,0,0,9,1,10,BaroTy00,,,,
682,Zeek Biggers,22,MIA,DT,3,0,0,0,0,0,0,0,0,0,1,1,0,0,2,9,0,0,BiggZe01,,,,
683,Christian Braswell,26,JAX,CB,11,0,0,16,8,50,87,10.9,5.4,0,66.4,12.7,70,17,0,0,0,0,0,0,9,1,10
684,Alfred Collins,24,SFO,DT,11,0,0,0,0,0,0,0,0,0,1,3,0,0,4,9,1,10,CollAl01,,,,
685,Kitan Crawford,24,ARI,S,10,0,0,3,1,33.3,3,3,1,0,42.4,8.7,1,2,0,0,0,0,0,0,9,0,0
686,Jordan Hancock,22,BUF,DB,7,0,0,8,5,62.5,126,25.2,15.8,0,106.2,18,93,33,0,0,0,0,0,0,9,1,10
687,Tyrion Ingram-Dawkins,22,MIN,DL,8,0,0,0,0,0,0,0,0,0,0,0,1,1,1,9,2,18.2,IngrTy00,,,,
688,Patrick Jones II,27,CAR,OLB,4,4,0,2,2,100,39,19.5,19.5,0,118.7,4,8,31,0,4,1,1,1,6,9,0,0
689,Jason Marshall,23,MIA,CB,6,0,0,12,9,75,119,13.2,9.9,1,133.7,11.6,63,56,4,0,1,0,0,1,9,1,10
690,Shavon Revel,24,DAL,CB,3,1,0,6,5,83.3,62,12.4,10.3,0,109.7,8.8,35,27,0,0,0,0,0,0,9,0,0
691,Chop Robinson,22,MIA,LB,10,0,0,2,2,100,13,6.5,6.5,0,93.7,4,8,5,5,4,1,0,1,6,9,2,18.2
692,Cameron Sample,26,CIN,DE,9,0,0,3,3,100,14,4.7,4.7,1,125.7,-1.3,-4,18,0,2,2,0,0,4,9,2,18.2
693,Joe Tryon-Shoyinka,26,CLE,DE,8,0,0,1,1,100,7,7,7,0,95.8,-4,-4,11,0,2,1,0,0,3,9,0,0
694,Mykal Walker,28,NYJ,LB,8,3,0,2,1,50,6,6,3,0,56.2,0.5,2,4,1,0,0,0,0,0,9,0,0
695,Warren Brinson,23,GNB,DL,6,0,0,0,0,0,0,0,0,0,1,0,0,0.5,2,8,0,0,BrinWa00,,,,
696,Natrone Brooks,26,ATL,CB,11,1,0,9,6,66.7,133,22.2,14.8,1,146.8,15.6,113,20,0,0,0,0,0,0,8,1,11.1
697,D.J. Davidson,26,NYG,DL,12,0,0,0,0,0,0,0,0,0,1,0,1,0,1,8,0,0,DaviDJ00,,,,
698,Ashton Dulin,28,IND,WR,10,2,0,0,0,0,0,0,0,1,0,0,0,0,0,8,0,0,DuliAs00,,,,
699,Mario Edwards,31,HOU,DT,11,0,0,0,0,0,0,0,0,0,0,1,0,1.5,3,8,0,0,EdwaMa01,,,,
700,Folorunso Fatukasi,30,HOU,DT,4,1,0,0,0,0,0,0,0,0,0,0,0,1.5,2,8,0,0,FatuFo00,,,,
701,Erick Hallett,25,DET,S,2,1,0,9,6,66.7,75,12.5,8.3,0,92.4,10.7,34,41,1,0,0,0,0,0,8,3,27.3
702,Nick Hampton,25,LAR,OLB,10,0,0,1,1,100,10,10,10,0,108.3,-4,-4,14,1,0,0,0,0,0,8,1,11.1
703,DJ Ivey,25,CIN,CB,12,0,0,4,2,50,31,15.5,7.8,0,76,17.5,4,27,0,0,0,0,0,0,8,0,0
704,Austin Johnson,31,JAX,DT,10,0,0,0,0,0,0,0,0,0,1,0,1,0,1,8,2,20,JohnAu01,,,,
705,Buddy Johnson,26,IND,LB,6,0,0,2,2,100,39,19.5,19.5,0,118.7,10.5,21,18,2,0,0,0,0,0,8,0,0
706,Patrick Johnson,27,PHI,OLB,9,0,0,4,2,50,36,18,9,1,120.8,0,3,33,2,0,1,0,1,2,8,0,0
707,Nic Jones,24,NYG,CB,12,0,0,3,2,66.7,39,19.5,13,0,109.7,21.7,35,4,0,0,0,0,0,0,8,0,0
708,Tyquan Lewis,30,IND,DE,8,0,0,2,2,100,19,9.5,9.5,0,106.2,0,0,19,0,0,0,1,3,3,8,2,20
709,Fabian Moreau,31,MIN,CB,5,0,0,6,3,50,41,13.7,6.8,0,72.2,7.7,34,7,0,0,0,0,0,0,8,0,0
710,Maema Njongmeta,24,CAR,LB,10,0,0,1,1,100,0,0,0,0,79.2,0,0,0,1,0,0,0,0,0,8,1,11.1
711,Walter Nolen,22,ARI,DL,4,0,0,0,0,0,0,0,0,0,1,2,1,1,4,8,1,11.1,NoleWa00,,,,
712,Quandarrius Robinson,24,DEN,OLB,4,0,0,0,0,0,0,0,0,6,2,0,0,0.5,3,8,1,11.1,RobiQu00,,,,
713,Ja'Sir Taylor,26,LAC,DB,9,0,0,0,0,0,0,0,0,2,0,0,0,0,0,8,0,0,TaylJa04,,,,
714,Jay Ward,25,MIN,S,11,1,0,2,1,50,31,31,15.5,0,95.8,31.5,31,0,0,1,0,0,0,1,8,1,11.1
715,Tre Avery,28,CLE,CB,6,0,0,3,2,66.7,42,21,14,0,109.7,17.7,36,6,0,0,0,0,0,0,7,0,0
716,Tyler Batty,26,MIN,OLB,6,0,0,0,0,0,0,0,0,0,0,0,0,0,0,7,1,12.5,BattTy00,,,,
717,Julian Blackmon,27,NOR,S,1,1,0,4,2,50,7,3.5,1.8,0,56.2,0,-4,11,0,0,0,0,0,0,7,0,0
718,Caelen Carson,23,DAL,CB,5,2,0,14,8,57.1,118,14.8,8.4,0,84.8,13.1,97,21,1,0,0,0,0,0,7,1,12.5
719,Chaz Chambliss,23,MIN,OLB,7,0,0,1,1,100,4,4,4,1,122.9,-1,-1,5,0,0,0,0,1,1,7,0,0
720,Zach Cunningham,31,DET,LB,4,0,0,1,1,100,22,22,22,0,118.7,12,12,10,0,1,0,0,0,0,7,0,0
721,Jaylan Ford,24,NOR,LB,11,0,0,0,0,0,0,0,0,0,0,0,0,0,0,7,1,12.5,FordJa02,,,,
722,Joe Giles-Harris,28,CIN,LB,5,0,0,1,0,0,0,0,0,39.6,1,0,0,0,0,0,0,0,0,7,0,0,GileJo01
723,Chauncey Golston,27,NYG,DL,5,0,0,0,0,0,0,0,0,0,0,0,0,0,0,7,3,30,GolsCh00,,,,
724,Kyler Gordon,26,CHI,DB,3,1,0,5,5,100,49,9.8,9.8,1,147.1,7.8,39,10,6,0,0,0,1,1,7,0,0
725,Shaquill Griffin,30,SEA,CB,2,1,0,8,7,87.5,61,8.7,7.6,1,138,9.8,40,21,0,0,0,0,0,0,7,2,22.2
726,Hassan Haskins,26,LAC,RB,7,0,0,1,0,0,0,0,0,39.6,0,0,0,0,0,0,0,0,0,7,0,0,HaskHa00
727,Cedric Johnson,23,CIN,DE,4,0,0,1,1,100,10,10,10,0,108.3,6,6,4,0,2,1,0,0,3,7,0,0
728,Lonnie Johnson Jr.,30,LVR,S,3,0,0,6,5,83.3,82,16.4,13.7,1,158.3,15.2,42,40,0,0,0,0,0,0,7,3,30
729,Roschon Johnson,24,CHI,RB,7,0,0,0,0,0,0,0,0,0,0,0,0,0,0,7,1,12.5,JohnRo07,,,,
730,Jaylon Jones,23,IND,CB,4,1,0,6,4,66.7,34,8.5,5.7,0,81.2,4.8,4,30,0,0,0,0,0,0,7,1,12.5
731,Derion Kendrick,25,SEA,CB,10,0,2,12,6,50,33,5.5,2.8,0,16.7,7.8,-5,38,1,0,0,0,0,0,7,1,12.5
732,Chase Lucas,28,SFO,CB,12,0,0,10,7,70,36,5.1,3.6,1,108.7,4.4,12,24,1,0,1,0,0,1,7,3,30
733,Nnamdi Madubuike,28,BAL,DL,2,2,0,0,0,0,0,0,0,0,1,1,0,2,4,7,0,0,MaduJu00,,,,
734,Larrell Murchison,28,LAR,DE,11,0,0,0,0,0,0,0,0,1,0,0,0,2,2,7,0,0,MurcLa00,,,,
735,Jordan Phillips,33,BUF,DT,7,1,0,0,0,0,0,0,0,0,0,0,0,1,1,7,0,0,PhilJo01,,,,
736,Bo Richter,25,MIN,OLB,11,0,0,0,0,0,0,0,0,3,0,0,0,0,0,7,0,0,RichBo01,,,,
737,JT Tuimoloau,22,IND,DE,8,0,0,0,0,0,0,0,0,0,1,4,0,0,5,7,0,0,TuimJT00,,,,
738,Jakorian Bennett,25,PHI,CB,6,0,0,10,6,60,50,8.3,5,0,72.9,10.2,40,10,1,0,0,0,0,0,6,0,0
739,Swayze Bozeman,27,NYG,LB,5,0,0,3,2,66.7,28,14,9.3,0,96.5,3.7,11,17,1,0,0,0,0,0,6,0,0
740,Jalen Davis,29,CIN,CB,2,1,0,2,1,50,4,4,2,0,56.2,2.5,-3,7,2,0,0,0,1,1,6,1,14.3
741,Khalil Dorsey,27,DET,CB,6,0,0,1,1,100,27,27,27,1,158.3,15,15,12,1,0,0,0,0,0,6,1,14.3
742,Daniel Ekuale,31,PIT,DT,7,0,0,0,0,0,0,0,0,0,0,1,1,0,1,6,1,14.3,EkuaDa00,,,,
743,Marcus Epps,29,PHI,S,8,0,0,2,2,100,25,12.5,12.5,0,118.7,9,18,7,0,0,0,0,0,0,6,0,0
744,Leki Fotu,27,LVR,DT,5,3,0,0,0,0,0,0,0,0,0,0,0,1,1,6,0,0,FotuLe00,,,,
745,Ty Hamilton,23,LAR,DT,10,0,0,0,0,0,0,0,0,0,1,0,0,0,1,6,0,0,HamiTy00,,,,
746,Ruben Hyppolite,24,CHI,LB,7,1,0,0,0,0,0,0,0,2,0,0,0,0,0,6,0,0,HyppRu00,,,,
747,Ja'Marcus Ingram,28,BUF,CB,7,0,0,10,8,80,130,16.3,13,0,118.7,12.3,74,56,0,0,0,0,0,0,6,2,25
748,Javontae Jean-Baptiste,25,WAS,DE,3,0,0,1,0,0,0,0,0,39.6,4,0,0,0,0,0,0,1,1,6,0,0,JeanJa00
749,Azeez Ojulari,25,PHI,OLB,3,2,0,0,0,0,0,0,0,0,1,1,0,0,2,6,1,14.3,OjulAz00,,,,
750,T.J. Sanders,22,BUF,DT,6,0,0,0,0,0,0,0,0,0,1,0,0,0,1,6,0,0,SandTJ00,,,,
751,Jaylin Smith,22,HOU,CB,4,0,0,1,1,100,7,7,7,0,95.8,5,5,2,0,0,0,0,0,0,6,0,0
752,Shemar Stewart,22,CIN,DE,5,4,0,0,0,0,0,0,0,0,2,1,0,0,3,6,2,25,StewSh00,,,,
753,Qwan'tez Stiggers,23,NYJ,CB,10,1,0,2,0,0,19,9.5,0,66.7,27.5,10,9,0,0,0,0,0,0,6,0,0,StigQw00
754,Keith Taylor,27,ATL,CB,2,0,0,6,4,66.7,56,14,9.3,0,96.5,12.7,43,13,0,0,0,0,0,0,6,0,0
755,Shemar Turner,22,CHI,DL,5,0,0,0,0,0,0,0,0,0,0,0,0,0,0,6,1,14.3,TurnSh00,,,,
756,Markees Watts,26,TAM,OLB,9,0,0,1,1,100,15,15,15,0,118.7,-1,-1,16,1,0,0,0,0.5,1,6,2,25
757,Charles Woods,25,NWE,CB,10,0,0,3,2,66.7,31,15.5,10.3,0,100.7,2.7,13,18,0,0,0,0,0,0,6,1,14.3
758,Cameron Mitchell,24,2TM,CB,6,0,0,13,8,61.5,98,12.3,7.5,3,124.4,8.6,70,28,1,0,0,0,0,0,6,1,14.3
759,Cameron Mitchell,24,CLE,CB,2,0,0,6,4,66.7,60,15,10,3,138.9,12,49,11,0,0,0,0,0,0,1,0,0
760,Cameron Mitchell,24,IND,CB,4,0,0,7,4,57.1,38,9.5,5.4,0,72.3,5.7,21,17,1,0,0,0,0,0,5,1,16.7
761,Jaire Alexander,28,BAL,CB,2,0,0,5,5,100,116,23.2,23.2,0,118.7,17.2,86,30,0,0,0,0,0,0,5,1,16.7
762,Marcus Davenport,29,DET,DE,3,2,0,0,0,0,0,0,0,0,0,0,0,1,1,5,0,0,DaveMa00,,,,
763,Clelin Ferrell,28,SFO,DL,3,0,0,0,0,0,0,0,0,0,2,0,0,2,4,5,1,16.7,FerrCl00,,,,
764,Darren Hall,25,ARI,CB,8,0,0,2,1,50,3,3,1.5,0,56.2,6,-2,5,0,0,0,0,0,0,5,0,0
765,Michael Hall,22,CLE,DT,4,0,0,0,0,0,0,0,0,0,0,2,0,1.5,4,5,1,16.7,HallMi00,,,,
766,Mike Hilton,31,IND,CB,2,2,0,6,4,66.7,30,7.5,5,0,78.5,1.8,12,18,1,0,0,0,0,0,5,1,16.7
767,Michael Hoecht,28,BUF,DE,2,0,0,0,0,0,0,0,0,1,0,0,0,2,3,5,0,0,HoecMi00,,,,
768,Jordan Jackson,27,DEN,DL,4,0,0,0,0,0,0,0,0,0,0,1,0,0,1,5,0,0,JackJo06,,,,
769,Eric Johnson,27,IND,DT,8,0,0,1,1,100,-6,-6,-6,0,79.2,-8,-8,2,0,2,0,0,0,2,5,0,0
770,Dom Jones,25,CLE,CB,8,0,0,7,5,71.4,59,11.8,8.4,2,136.3,10,53,6,0,0,0,0,0,0,5,0,0
771,Tanoh Kpassagnon,31,CHI,DL,4,0,0,0,0,0,0,0,0,0,0,1,0,1,2,5,0,0,KpasTa00,,,,
772,Reuben Lowery,23,BAL,S,3,1,0,6,5,83.3,35,7,5.8,2,130.6,3.7,14,21,2,0,0,0,0,0,5,0,0
773,Smael Mondon,22,PHI,LB,12,0,0,1,1,100,34,34,34,0,118.7,25,25,9,0,0,0,0,0,0,5,0,0
774,Chad Muma,26,IND,LB,5,0,0,1,1,100,11,11,11,0,112.5,6,6,5,1,0,0,0,0,0,5,0,0
775,Omarr Norman-Lott,23,KAN,DT,5,1,0,0,0,0,0,0,0,0,2,0,0,1,3,5,0,0,NormOm00,,,,
776,C.J. Ravenell,25,TEN,DL,8,1,0,0,0,0,0,0,0,0,0,0,0,0,0,5,1,16.7,RaveCJ00,,,,
777,Demani Richardson,25,CAR,S,12,0,0,1,0,0,0,0,0,39.6,26,0,0,0,0,0,0,0,0,5,0,0,RichDe03
778,Barryn Sorrell,23,GNB,DL,11,0,0,1,1,100,14,14,14,0,118.7,9,9,5,0,1,1,0,0.5,3,5,0,0
779,Danny Striggow,23,JAX,DL,6,1,0,0,0,0,0,0,0,0,2,2,0,0.5,5,5,0,0,StriDa01,,,,
780,Garret Wallow,26,DEN,LB,6,0,0,0,0,0,0,0,0,2,0,0,0,0,0,5,0,0,WallGa00,,,,
781,Jonah Williams,30,NOR,DE,9,0,0,1,1,100,16,16,16,0,118.7,0,0,16,1,0,2,0,1,3,5,0,0
782,Boogie Basham,28,CAR,OLB,3,0,0,1,0,0,0,0,0,39.6,-7,0,0,1,2,0,0,0,2,4,2,33.3,BashCa00
783,Jonathan Ford,26,CHI,DL,8,0,0,0,0,0,0,0,0,0,0,0,0,0,0,4,3,42.9,FordJo00,,,,
784,Elijah Garcia,27,NYG,DL,4,0,0,0,0,0,0,0,0,0,0,0,0,1,1,4,0,0,GarcEl00,,,,
785,B.J. Green,22,JAX,DL,8,0,0,0,0,0,0,0,0,0,1,0,0,0,1,4,0,0,GreeBJ00,,,,
786,Yetur Gross-Matos,27,SFO,DL,5,0,0,3,2,66.7,18,9,6,0,82.6,3.7,-6,24,0,1,1,1,0,2,4,2,33.3
787,Kamal Hadden,24,GNB,CB,6,0,0,2,2,100,12,6,6,0,91.7,1,2,10,0,0,0,0,0,0,4,1,20
788,Austin Keys,23,MIN,LB,8,0,0,0,0,0,0,0,0,0,0,0,0,1,1,4,0,0,KeysAu00,,,,
789,P.J. Locke,28,DEN,S,10,0,0,1,0,0,0,0,0,39.6,0,0,0,0,0,0,0,0,0,4,0,0,LockPJ00
790,Jalen Mills,31,HOU,S,3,1,0,4,2,50,21,10.5,5.3,0,65.6,13.3,13,8,0,0,0,0,0,0,4,0,0
791,Mike Pennel,34,KAN,NT,4,0,0,1,1,100,0,0,0,0,79.2,-5,-5,5,0,0,0,0,0,0,4,0,0
792,Elijah Simmons,24,TAM,DL,8,0,0,0,0,0,0,0,0,0,0,0,0,0,0,4,1,20,SimmEl00,,,,
793,Daniel Thomas,27,DET,S,7,0,0,1,0,0,0,0,0,39.6,22,0,0,0,0,0,0,0,0,4,0,0,ThomDa07
794,Broderick Washington Jr.,29,BAL,DL,3,1,0,1,0,0,0,0,0,39.6,-3,0,0,0,0,0,1,0,0,4,0,0,WashBr01
795,Trey Washington,23,IND,S,4,0,0,1,1,100,9,9,9,0,104.2,7,7,2,0,0,0,0,0,0,4,1,20
796,Deatrich Wise Jr.,31,WAS,DE,2,2,0,0,0,0,0,0,0,0,0,1,0,0,1,4,0,0,WiseDe00,,,,
797,Samuel Womack,26,TEN,CB,5,1,0,6,3,50,33,11,5.5,1,106.2,14.7,26,7,0,0,0,0,0,0,4,0,0
798,Denico Autry,35,HOU,DE,6,0,0,0,0,0,0,0,0,0,0,0,1,1,1,3,0,0,AutrDe00,,,,
799,Chris Board,30,NYG,LB,2,0,0,1,1,100,3,3,3,0,79.2,1,1,2,0,0,0,0,0,0,3,0,0
800,Vernon Broughton,24,NOR,DT,1,0,0,1,1,100,11,11,11,0,112.5,-3,-3,14,0,0,0,0,0,0,3,0,0
801,Elijah Campbell,30,MIA,DB,8,0,0,1,1,100,17,17,17,0,118.7,5,5,12,1,0,0,0,0,0,3,1,25
802,Jamin Davis,27,LVR,LB,1,1,0,2,2,100,38,19,19,0,118.7,9.5,19,19,1,0,0,0,0,0,3,0,0
803,Victor Dimukeje,26,NYG,OLB,5,0,0,2,0,0,0,0,0,39.6,1,0,0,1,1,0,0,0,0,3,1,25,DimuVi00
804,Kristian Fulton,27,KAN,CB,4,0,0,3,3,100,70,23.3,23.3,0,118.7,19.3,58,12,0,0,0,0,0,0,3,0,0
805,Anthony Goodlow,25,ARI,DL,3,0,0,0,0,0,0,0,0,0,0,1,0,0,1,3,0,0,GoodAn00,,,,
806,Maxwell Hairston,22,BUF,CB,5,1,2,14,6,42.9,107,17.8,7.6,1,53.9,24.9,101,6,0,0,0,0,0,0,3,2,40
807,Christian Harris,24,HOU,LB,9,0,0,2,1,50,7,7,3.5,0,58.3,10.5,1,6,1,0,0,0,0,0,3,0,0
808,Dane Jackson,29,BUF,CB,2,0,0,2,0,0,0,0,0,39.6,0,0,0,0,0,0,0,0,0,3,0,0,JackDa02
809,Jaylon Johnson,26,CHI,DB,2,2,0,4,2,50,25,12.5,6.3,0,69.8,21,16,9,0,0,0,0,0,0,3,0,0
810,Phidarian Mathis,27,BUF,DT,3,0,0,0,0,0,0,0,0,0,0,0,0,0,0,3,1,25,MathPh00,,,,
811,Micah McFadden,25,NYG,LB,1,1,0,0,0,0,0,0,0,0,0,1,0,0,1,3,0,0,McFaMi01,,,,
812,BJ Ojulari,23,ARI,OLB,2,0,0,1,1,100,17,17,17,0,118.7,5,5,12,1,0,0,0,0,0,3,0,0
813,Aeneas Peebles,24,BAL,DT,6,0,0,2,2,100,17,8.5,8.5,0,102.1,0,0,17,0,0,1,1,0,1,3,0,0
814,Jay Toia,22,DAL,DT,5,0,0,0,0,0,0,0,0,0,0,1,0,0,1,3,1,25,ToiaJa00,,,,
815,Keion White,26,SFO,DL,4,0,0,0,0,0,0,0,0,0,0,0,1,0.5,1,3,0,0,WhitKe03,,,,
816,Kyzir White,29,TEN,LB,1,0,0,1,0,0,0,0,0,39.6,5,0,0,0,0,0,0,0,0,3,1,25,WhitKy00
817,Nick Whiteside,25,DET,CB,5,0,0,4,3,75,22,7.3,5.5,1,127.1,9.8,-3,25,0,0,0,0,0,0,3,0,0
818,Marco Wilson,26,CIN,CB,4,0,0,3,2,66.7,21,10.5,7,1,126.4,20.3,13,8,0,0,0,0,0,0,3,1,25
819,Ahkello Witherspoon,30,LAR,CB,2,2,0,2,1,50,4,4,2,0,56.2,10.5,4,0,0,0,0,0,0,0,3,0,0
820,Cornell Armstrong,30,MIA,CB,3,0,0,3,2,66.7,17,8.5,5.7,0,81.2,6.3,11,6,3,0,0,0,0,0,2,0,0
821,C.J. Brewer,28,TAM,DT,3,0,0,0,0,0,0,0,0,0,0,0,0,0.5,1,2,0,0,BrewCJ00,,,,
822,Storm Duck,25,MIA,CB,2,1,0,4,3,75,51,17,12.8,1,156.2,13.3,44,7,1,0,0,0,0,0,2,0,0
823,Tomon Fox,27,NYG,OLB,4,1,0,0,0,0,0,0,0,1,0,0,0,0,0,2,0,0,FoxxTo00,,,,
824,Kevin Givens,28,SFO,DL,4,0,0,0,0,0,0,0,0,0,1,0,0,0,1,2,0,0,GiveKe01,,,,
825,Kyle Kennard,24,LAC,OLB,3,0,0,1,1,100,7,7,7,0,95.8,6,6,1,0,0,0,0,0,0,2,0,0
826,DeMarvin Leal,25,PIT,DE,3,0,0,0,0,0,0,0,0,3,0,0,0,0,0,2,0,0,LealDe00,,,,
827,Zion Logue,24,BUF,DT,3,0,0,1,0,0,0,0,0,39.6,5,0,0,0,0,0,1,0.5,1,2,0,0,LoguZi00
828,Cameron McGrone,25,IND,LB,4,0,0,2,2,100,28,14,14,0,118.7,-3.5,-7,35,2,0,0,0,0,0,2,2,50
829,Durell Nchami,25,IND,DE,3,0,0,1,1,100,4,4,4,0,83.3,4,4,0,0,2,0,0,0,2,2,0,0
830,Parry Nickerson,31,PHI,CB,5,0,0,2,2,100,14,7,7,0,95.8,-1,-2,16,0,0,0,0,0,0,2,0,0
831,Nikko Reed,22,LAC,CB,4,0,0,6,4,66.7,34,8.5,5.7,0,81.2,9,8,26,0,0,0,0,0,0,2,1,33.3
832,Daniel Scott,27,IND,S,4,0,0,2,1,50,3,3,1.5,0,56.2,11.5,3,0,0,0,0,0,0,0,2,0,0
833,Loren Strickland,25,DET,S,2,0,0,1,1,100,14,14,14,0,118.7,14,14,0,0,0,0,0,0,0,2,0,0
834,Quinton Bell,29,MIA,LB,3,0,0,1,0,0,0,0,0,39.6,6,0,0,0,1,0,0,0,1,1,0,0,BellQu00
835,Taven Bryan,29,BAL,DT,5,0,0,0,0,0,0,0,0,0,0,1,0,0.5,2,1,1,50,BryaTa00,,,,
836,Cobee Bryant,24,ATL,CB,2,0,0,2,2,100,8,4,4,0,83.3,4,8,0,0,0,0,0,0,0,1,0,0
837,Elijah Chatman,25,NYG,DT,1,0,0,0,0,0,0,0,0,0,0,0,0,0,0,1,1,50,ChatEl00,,,,
838,Greg Dortch,27,ARI,WR,11,3,0,1,0,0,0,0,0,39.6,0,0,0,0,0,0,0,0,0,1,0,0,DortGr01
839,Jordan Fuller,27,ATL,S,4,1,0,0,0,0,0,0,0,0,0,0,0,0,0,1,1,50,FullJo01,,,,
840,Ali Gaye,27,TEN,OLB,2,0,0,0,0,0,0,0,0,0,1,0,0,0,1,1,0,0,GayeAl01,,,,
841,Brandon Graham,37,PHI,DE,4,0,0,1,1,100,0,0,0,0,79.2,-3,-3,3,0,0,0,0,0,0,1,1,50
842,Damar Hamlin,27,BUF,S,5,0,0,2,0,0,0,0,0,39.6,8.5,0,0,1,0,0,0,0,0,1,0,0,HamlDa00
843,Tonka Hemingway,24,LVR,DT,4,0,0,0,0,0,0,0,0,0,0,0,0,0,0,1,1,50,HemiTo00,,,,
844,D.J. James,24,NWE,CB,1,0,0,1,1,100,11,11,11,0,112.5,11,11,0,0,0,0,0,0,0,1,0,0
845,Eku Leota,26,NOR,LB,3,0,0,0,0,0,0,0,0,2,1,0,0,0,1,1,0,0,LeotEk00,,,,
846,Mac McWilliams,24,PHI,CB,4,0,0,1,0,0,0,0,0,39.6,8,0,0,0,0,0,0,0,0,1,0,0,McWiMa01
847,Jeremiah Pharms,29,NWE,DT,1,0,0,0,0,0,0,0,0,0,0,1,0,0,1,1,0,0,PharJe00,,,,
848,John Ridgeway,26,NOR,DT,1,0,0,0,0,0,0,0,0,0,0,0,0,0,0,1,1,50,RidgJo00,,,,
849,Kendall Sheffield,29,MIA,CB,2,0,0,2,2,100,1,0.5,0.5,0,79.2,-1,-2,3,0,0,0,0,0,0,1,0,0
850,Greedy Vance,24,LVR,CB,1,0,0,2,1,50,15,15,7.5,0,75,22,14,1,0,0,0,0,0,0,1,0,0
851,Jon Weeks,39,SFO,LS,12,0,0,1,1,100,36,36,36,0,118.7,12,12,24,0,0,0,0,0,0,1,0,0
852,Mekhi Wingo,22,DET,DL,1,0,0,0,0,0,0,0,0,0,1,0,0,0,1,1,1,50,WingMe00,,,,
853,Ugo Amadi,28,NOR,S,5,0,0,0,0,0,0,0,0,0,0,0,0,0,0,0,1,100,AmadUg00,,,,
854,Elijah Arroyo,22,SEA,TE,11,3,0,1,0,0,0,0,0,39.6,10,0,0,1,0,0,0,0,0,0,0,ArroEl00,
855,Trey Benson,23,ARI,RB,4,1,0,0,0,0,0,0,0,0,0,0,0,0,0,0,1,100,BensTr01,,,,
856,DeAndre Carter,32,CLE,WR,4,0,0,1,0,0,0,0,0,39.6,0,0,0,0,0,0,0,0,0,0,0,CartDe02,
857,Jimmy Ciarlo,24,BUF,LB,1,0,0,0,0,0,0,0,0,1,0,0,0,0,0,0,0,CiarJi00,,,,,
858,Fadil Diggs,24,NOR,DE,4,0,0,1,1,100,11,11,11,0,112.5,5,5,6,0,0,0,0,0,0,0,0,DiggFa00
859,Terrell Edmunds,28,LVR,S,1,0,0,1,0,0,0,0,0,39.6,0,0,0,0,0,0,0,0,0,0,0,EdmuTe00,
860,Alex Forsyth,26,DEN,C,11,0,0,0,0,0,0,0,0,0,0,0,0,0,0,0,1,100,ForsAl00,,,,
861,Blake Gillikin,27,ARI,P,5,0,0,0,0,0,0,0,0,1,0,0,0,0,0,0,0,GillBl00,,,,,
862,James Hudson,26,NYG,T,8,2,0,0,0,0,0,0,0,1,0,0,0,0,0,0,0,HudsJa00,,,,,
863,Jordan Jefferson,24,SFO,DT,1,0,0,0,0,0,0,0,0,0,0,0,0,0,0,0,1,100,JeffJo01,,,,
864,Zay Jones,30,ARI,WR,8,0,0,1,0,0,0,0,0,39.6,0,0,0,0,0,0,0,0,0,0,0,JoneZa00,
865,Damontae Kazee,32,CLE,FS,4,0,0,1,1,100,0,0,0,0,79.2,-5,0,0,1,0,0,0,0,0,0,0,KazeDa00
866,Logan Lee,25,PIT,DT,3,0,0,0,0,0,0,0,0,0,0,0,0,0,0,0,1,100,LeexLo00,,,,
867,Isaiahh Loudermilk,28,PIT,DT,2,2,0,0,0,0,0,0,0,0,0,0,0,0,0,0,1,100,LoudIs00,,,,
868,Dwight McGlothern,23,MIN,CB,8,0,0,1,0,0,0,0,0,39.6,15,0,0,0,0,0,0,0,0,0,0,McGlDw00,
869,Marvin Mims,23,DEN,WR,9,2,0,1,0,0,0,0,0,39.6,0,0,0,0,0,0,0,0,0,0,0,MimsMa00,
870,Kyle Monangai,23,CHI,RB,12,1,0,0,0,0,0,0,0,0,0,0,0,0,0,0,1,100,MonaKy00,,,,
871,Jarius Monroe,25,NYJ,DB,1,0,0,1,1,100,0,0,0,0,79.2,0,0,0,0,0,0,0,0,0,0,0,MonrJa00
872,Ogbonnia Okoronkwo,30,PHI,OLB,1,0,0,0,0,0,0,0,0,0,0,0,0,0,0,0,1,100,OkorOg00,,,,
873,Josh Palmer,26,BUF,WR,8,5,0,1,0,0,0,0,0,39.6,0,0,0,0,0,0,0,0,0,0,0,PalmJo00,
874,Ricky Pearsall,25,SFO,WR,6,6,0,1,1,100,0,0,0,0,79.2,0,0,0,0,0,0,0,0,0,0,0,PearRi00
875,Jackson Powers-Johnson,22,LVR,C,8,7,0,0,0,0,0,0,0,0,1,0,0,0,1,0,0,PoweJa00,,,,,
876,Tip Reiman,24,ARI,TE,4,3,0,1,0,0,0,0,0,39.6,0,0,0,0,0,0,0,0,0,0,0,ReimTi00,
877,Patrick Ricard,31,BAL,FB,6,2,0,0,0,0,0,0,0,1,0,0,0,0,0,0,0,RicaPa00,,,,,
878,Raheim Sanders,23,CLE,RB,1,0,0,0,0,0,0,0,0,1,0,0,0,0,0,0,0,SandRa00,,,,,
879,Brian Thomas,23,JAX,WR,8,8,0,0,0,0,0,0,0,1,0,0,0,0,0,0,0,ThomBr06,,,,,
880,Tommy Townsend,29,HOU,P,11,0,0,1,1,100,0,0,0,0,79.2,0,0,0,0,0,0,0,0,0,0,0,TownTo01
881,Kyren Williams,25,LAR,RB,11,11,0,1,1,100,15,15,15,0,118.7,4,4,11,0,0,0,0,0,0,0,1,100
882,Rejzohn Wright,25,NOR,CB,3,0,0,0,0,0,0,0,0,0,0,0,0,0,0,0,1,100,WrigRe00,,,,
,,,,,,,,,,,,,,,,,,,,,,,,,,,
,,,,,,,,,,,,,,,,,,,,,,,,,,,
,,,,,,,,,,,,,,,,,,,,,,,,,,,
,,,,,,,,,,,,,,,,,,,,,,,,,,,
,,,,,,,,,,,,,,,,,,,,,,,,,,,
,,,,,,,,,,,,,,,,,,,,,,,,,,,
,,,,,,,,,,,,,,,,,,,,,,,,,,,
,,,,,,,,,,,,,,,,,,,,,,,,,,,
,,,,,,,,,,,,,,,,,,,,,,,,,,,
,,,,,,,,,,,,,,,,,,,,,,,,,,,
,,,,,,,,,,,,,,,,,,,,,,,,,,,
,,,,,,,,,,,,,,,,,,,,,,,,,,,
,,,,,,,,,,,,,,,,,,,,,,,,,,,
,,,,,,,,,,,,,,,,,,,,,,,,,,,
,,,,,,,,,,,,,,,,,,,,,,,,,,,
,,,,,,,,,,,,,,,,,,,,,,,,,,,
,,,,,,,,,,,,,,,,,,,,,,,,,,,
,,,,,,,,,,,,,,,,,,,,,,,,,,,
,,,,,,,,,,,,,,,,,,,,,,,,,,,
,,,,,,,,,,,,,,,,,,,,,,,,,,,
,,,,,,,,,,,,,,,,,,,,,,,,,,,
,,,,,,,,,,,,,,,,,,,,,,,,,,,
,,,,,,,,,,,,,,,,,,,,,,,,,,,
,,,,,,,,,,,,,,,,,,,,,,,,,,,
,,,,,,,,,,,,,,,,,,,,,,,,,,,
,,,,,,,,,,,,,,,,,,,,,,,,,,,
,,,,,,,,,,,,,,,,,,,,,,,,,,,
,,,,,,,,,,,,,,,,,,,,,,,,,,,
,,,,,,,,,,,,,,,,,,,,,,,,,,,
,,,,,,,,,,,,,,,,,,,,,,,,,,,
,,,,,,,,,,,,,,,,,,,,,,,,,,,
,,,,,,,,,,,,,,,,,,,,,,,,,,,
,,,,,,,,,,,,,,,,,,,,,,,,,,,
,,,,,,,,,,,,,,,,,,,,,,,,,,,
,,,,,,,,,,,,,,,,,,,,,,,,,,,
,,,,,,,,,,,,,,,,,,,,,,,,,,,
,,,,,,,,,,,,,,,,,,,,,,,,,,,
,,,,,,,,,,,,,,,,,,,,,,,,,,,
,,,,,,,,,,,,,,,,,,,,,,,,,,,
,,,,,,,,,,,,,,,,,,,,,,,,,,,
,,,,,,,,,,,,,,,,,,,,,,,,,,,
,,,,,,,,,,,,,,,,,,,,,,,,,,,
,,,,,,,,,,,,,,,,,,,,,,,,,,,
,,,,,,,,,,,,,,,,,,,,,,,,,,,
,,,,,,,,,,,,,,,,,,,,,,,,,,,
,,,,,,,,,,,,,,,,,,,,,,,,,,,
,,,,,,,,,,,,,,,,,,,,,,,,,,,
,,,,,,,,,,,,,,,,,,,,,,,,,,,
,,,,,,,,,,,,,,,,,,,,,,,,,,,
,,,,,,,,,,,,,,,,,,,,,,,,,,,
,,,,,,,,,,,,,,,,,,,,,,,,,,,
,,,,,,,,,,,,,,,,,,,,,,,,,,,
,,,,,,,,,,,,,,,,,,,,,,,,,,,
,,,,,,,,,,,,,,,,,,,,,,,,,,,
,,,,,,,,,,,,,,,,,,,,,,,,,,,
,,,,,,,,,,,,,,,,,,,,,,,,,,,
,,,,,,,,,,,,,,,,,,,,,,,,,,,
,,,,,,,,,,,,,,,,,,,,,,,,,,,
,,,,,,,,,,,,,,,,,,,,,,,,,,,
,,,,,,,,,,,,,,,,,,,,,,,,,,,
,,,,,,,,,,,,,,,,,,,,,,,,,,,
,,,,,,,,,,,,,,,,,,,,,,,,,,,
,,,,,,,,,,,,,,,,,,,,,,,,,,,
,,,,,,,,,,,,,,,,,,,,,,,,,,,
,,,,,,,,,,,,,,,,,,,,,,,,,,,
,,,,,,,,,,,,,,,,,,,,,,,,,,,
,,,,,,,,,,,,,,,,,,,,,,,,,,,
,,,,,,,,,,,,,,,,,,,,,,,,,,,
,,,,,,,,,,,,,,,,,,,,,,,,,,,
,,,,,,,,,,,,,,,,,,,,,,,,,,,
,,,,,,,,,,,,,,,,,,,,,,,,,,,
,,,,,,,,,,,,,,,,,,,,,,,,,,,
,,,,,,,,,,,,,,,,,,,,,,,,,,,
,,,,,,,,,,,,,,,,,,,,,,,,,,,
,,,,,,,,,,,,,,,,,,,,,,,,,,,
,,,,,,,,,,,,,,,,,,,,,,,,,,,
,,,,,,,,,,,,,,,,,,,,,,,,,,,
,,,,,,,,,,,,,,,,,,,,,,,,,,,
,,,,,,,,,,,,,,,,,,,,,,,,,,,
,,,,,,,,,,,,,,,,,,,,,,,,,,,
,,,,,,,,,,,,,,,,,,,,,,,,,,,
,,,,,,,,,,,,,,,,,,,,,,,,,,,
,,,,,,,,,,,,,,,,,,,,,,,,,,,
,,,,,,,,,,,,,,,,,,,,,,,,,,,
,,,,,,,,,,,,,,,,,,,,,,,,,,,
,,,,,,,,,,,,,,,,,,,,,,,,,,,
,,,,,,,,,,,,,,,,,,,,,,,,,,,
,,,,,,,,,,,,,,,,,,,,,,,,,,,
,,,,,,,,,,,,,,,,,,,,,,,,,,,
,,,,,,,,,,,,,,,,,,,,,,,,,,,
,,,,,,,,,,,,,,,,,,,,,,,,,,,
,,,,,,,,,,,,,,,,,,,,,,,,,,,
,,,,,,,,,,,,,,,,,,,,,,,,,,,
,,,,,,,,,,,,,,,,,,,,,,,,,,,
,,,,,,,,,,,,,,,,,,,,,,,,,,,
,,,,,,,,,,,,,,,,,,,,,,,,,,,
,,,,,,,,,,,,,,,,,,,,,,,,,,,
,,,,,,,,,,,,,,,,,,,,,,,,,,,
,,,,,,,,,,,,,,,,,,,,,,,,,,,
,,,,,,,,,,,,,,,,,,,,,,,,,,,
,,,,,,,,,,,,,,,,,,,,,,,,,,,
,,,,,,,,,,,,,,,,,,,,,,,,,,,
,,,,,,,,,,,,,,,,,,,,,,,,,,,
,,,,,,,,,,,,,,,,,,,,,,,,,,,
,,,,,,,,,,,,,,,,,,,,,,,,,,,
,,,,,,,,,,,,,,,,,,,,,,,,,,,
,,,,,,,,,,,,,,,,,,,,,,,,,,,
,,,,,,,,,,,,,,,,,,,,,,,,,,,
,,,,,,,,,,,,,,,,,,,,,,,,,,,
,,,,,,,,,,,,,,,,,,,,,,,,,,,
,,,,,,,,,,,,,,,,,,,,,,,,,,,
,,,,,,,,,,,,,,,,,,,,,,,,,,,
,,,,,,,,,,,,,,,,,,,,,,,,,,,
,,,,,,,,,,,,,,,,,,,,,,,,,,,
,,,,,,,,,,,,,,,,,,,,,,,,,,,
,,,,,,,,,,,,,,,,,,,,,,,,,,,
,,,,,,,,,,,,,,,,,,,,,,,,,,,
,,,,,,,,,,,,,,,,,,,,,,,,,,,
,,,,,,,,,,,,,,,,,,,,,,,,,,,
,,,,,,,,,,,,,,,,,,,,,,,,,,,
,,,,,,,,,,,,,,,,,,,,,,,,,,,
,,,,,,,,,,,,,,,,,,,,,,,,,,,
,,,,,,,,,,,,,,,,,,,,,,,,,,,
,,,,,,,,,,,,,,,,,,,,,,,,,,,
,,,,,,,,,,,,,,,,,,,,,,,,,,,
,,,,,,,,,,,,,,,,,,,,,,,,,,,
,,,,,,,,,,,,,,,,,,,,,,,,,,,
,,,,,,,,,,,,,,,,,,,,,,,,,,,
,,,,,,,,,,,,,,,,,,,,,,,,,,,
,,,,,,,,,,,,,,,,,,,,,,,,,,,
,,,,,,,,,,,,,,,,,,,,,,,,,,,
,,,,,,,,,,,,,,,,,,,,,,,,,,,
,,,,,,,,,,,,,,,,,,,,,,,,,,,
,,,,,,,,,,,,,,,,,,,,,,,,,,,
,,,,,,,,,,,,,,,,,,,,,,,,,,,
,,,,,,,,,,,,,,,,,,,,,,,,,,,
,,,,,,,,,,,,,,,,,,,,,,,,,,,
,,,,,,,,,,,,,,,,,,,,,,,,,,,
,,,,,,,,,,,,,,,,,,,,,,,,,,,
,,,,,,,,,,,,,,,,,,,,,,,,,,,
,,,,,,,,,,,,,,,,,,,,,,,,,,,
,,,,,,,,,,,,,,,,,,,,,,,,,,,
,,,,,,,,,,,,,,,,,,,,,,,,,,,
,,,,,,,,,,,,,,,,,,,,,,,,,,,
,,,,,,,,,,,,,,,,,,,,,,,,,,,
,,,,,,,,,,,,,,,,,,,,,,,,,,,
,,,,,,,,,,,,,,,,,,,,,,,,,,,
,,,,,,,,,,,,,,,,,,,,,,,,,,,
,,,,,,,,,,,,,,,,,,,,,,,,,,,
,,,,,,,,,,,,,,,,,,,,,,,,,,,
,,,,,,,,,,,,,,,,,,,,,,,,,,,
,,,,,,,,,,,,,,,,,,,,,,,,,,,
,,,,,,,,,,,,,,,,,,,,,,,,,,,
,,,,,,,,,,,,,,,,,,,,,,,,,,,
,,,,,,,,,,,,,,,,,,,,,,,,,,,
,,,,,,,,,,,,,,,,,,,,,,,,,,,
,,,,,,,,,,,,,,,,,,,,,,,,,,,
,,,,,,,,,,,,,,,,,,,,,,,,,,,
,,,,,,,,,,,,,,,,,,,,,,,,,,,
,,,,,,,,,,,,,,,,,,,,,,,,,,,
,,,,,,,,,,,,,,,,,,,,,,,,,,,
,,,,,,,,,,,,,,,,,,,,,,,,,,,
,,,,,,,,,,,,,,,,,,,,,,,,,,,
,,,,,,,,,,,,,,,,,,,,,,,,,,,
,,,,,,,,,,,,,,,,,,,,,,,,,,,
,,,,,,,,,,,,,,,,,,,,,,,,,,,
,,,,,,,,,,,,,,,,,,,,,,,,,,,
,,,,,,,,,,,,,,,,,,,,,,,,,,,
,,,,,,,,,,,,,,,,,,,,,,,,,,,
,,,,,,,,,,,,,,,,,,,,,,,,,,,
,,,,,,,,,,,,,,,,,,,,,,,,,,,
,,,,,,,,,,,,,,,,,,,,,,,,,,,
,,,,,,,,,,,,,,,,,,,,,,,,,,,
,,,,,,,,,,,,,,,,,,,,,,,,,,,
,,,,,,,,,,,,,,,,,,,,,,,,,,,
,,,,,,,,,,,,,,,,,,,,,,,,,,,
,,,,,,,,,,,,,,,,,,,,,,,,,,,
,,,,,,,,,,,,,,,,,,,,,,,,,,,
,,,,,,,,,,,,,,,,,,,,,,,,,,,
,,,,,,,,,,,,,,,,,,,,,,,,,,,
,,,,,,,,,,,,,,,,,,,,,,,,,,,
,,,,,,,,,,,,,,,,,,,,,,,,,,,
,,,,,,,,,,,,,,,,,,,,,,,,,,,
,,,,,,,,,,,,,,,,,,,,,,,,,,,
,,,,,,,,,,,,,,,,,,,,,,,,,,,
,,,,,,,,,,,,,,,,,,,,,,,,,,,
,,,,,,,,,,,,,,,,,,,,,,,,,,,
,,,,,,,,,,,,,,,,,,,,,,,,,,,
,,,,,,,,,,,,,,,,,,,,,,,,,,,
,,,,,,,,,,,,,,,,,,,,,,,,,,,
,,,,,,,,,,,,,,,,,,,,,,,,,,,
,,,,,,,,,,,,,,,,,,,,,,,,,,,
,,,,,,,,,,,,,,,,,,,,,,,,,,,
,,,,,,,,,,,,,,,,,,,,,,,,,,,
,,,,,,,,,,,,,,,,,,,,,,,,,,,
,,,,,,,,,,,,,,,,,,,,,,,,,,,
,,,,,,,,,,,,,,,,,,,,,,,,,,,
,,,,,,,,,,,,,,,,,,,,,,,,,,,
,,,,,,,,,,,,,,,,,,,,,,,,,,,
,,,,,,,,,,,,,,,,,,,,,,,,,,,
,,,,,,,,,,,,,,,,,,,,,,,,,,,
,,,,,,,,,,,,,,,,,,,,,,,,,,,
,,,,,,,,,,,,,,,,,,,,,,,,,,,
,,,,,,,,,,,,,,,,,,,,,,,,,,,
,,,,,,,,,,,,,,,,,,,,,,,,,,,
,,,,,,,,,,,,,,,,,,,,,,,,,,,
,,,,,,,,,,,,,,,,,,,,,,,,,,,
,,,,,,,,,,,,,,,,,,,,,,,,,,,
,,,,,,,,,,,,,,,,,,,,,,,,,,,
,,,,,,,,,,,,,,,,,,,,,,,,,,,
,,,,,,,,,,,,,,,,,,,,,,,,,,,
,,,,,,,,,,,,,,,,,,,,,,,,,,,
,,,,,,,,,,,,,,,,,,,,,,,,,,,
,,,,,,,,,,,,,,,,,,,,,,,,,,,
,,,,,,,,,,,,,,,,,,,,,,,,,,,
,,,,,,,,,,,,,,,,,,,,,,,,,,,
,,,,,,,,,,,,,,,,,,,,,,,,,,,
,,,,,,,,,,,,,,,,,,,,,,,,,,,
,,,,,,,,,,,,,,,,,,,,,,,,,,,
,,,,,,,,,,,,,,,,,,,,,,,,,,,
,,,,,,,,,,,,,,,,,,,,,,,,,,,
,,,,,,,,,,,,,,,,,,,,,,,,,,,
,,,,,,,,,,,,,,,,,,,,,,,,,,,
,,,,,,,,,,,,,,,,,,,,,,,,,,,
,,,,,,,,,,,,,,,,,,,,,,,,,,,
,,,,,,,,,,,,,,,,,,,,,,,,,,,
,,,,,,,,,,,,,,,,,,,,,,,,,,,
,,,,,,,,,,,,,,,,,,,,,,,,,,,
,,,,,,,,,,,,,,,,,,,,,,,,,,,
,,,,,,,,,,,,,,,,,,,,,,,,,,,
,,,,,,,,,,,,,,,,,,,,,,,,,,,
,,,,,,,,,,,,,,,,,,,,,,,,,,,
,,,,,,,,,,,,,,,,,,,,,,,,,,,
,,,,,,,,,,,,,,,,,,,,,,,,,,,
,,,,,,,,,,,,,,,,,,,,,,,,,,,
,,,,,,,,,,,,,,,,,,,,,,,,,,,
,,,,,,,,,,,,,,,,,,,,,,,,,,,
,,,,,,,,,,,,,,,,,,,,,,,,,,,
,,,,,,,,,,,,,,,,,,,,,,,,,,,
,,,,,,,,,,,,,,,,,,,,,,,,,,,
,,,,,,,,,,,,,,,,,,,,,,,,,,,
,,,,,,,,,,,,,,,,,,,,,,,,,,,
,,,,,,,,,,,,,,,,,,,,,,,,,,,
,,,,,,,,,,,,,,,,,,,,,,,,,,,
,,,,,,,,,,,,,,,,,,,,,,,,,,,
,,,,,,,,,,,,,,,,,,,,,,,,,,,
,,,,,,,,,,,,,,,,,,,,,,,,,,,
,,,,,,,,,,,,,,,,,,,,,,,,,,,
,,,,,,,,,,,,,,,,,,,,,,,,,,,
,,,,,,,,,,,,,,,,,,,,,,,,,,,
,,,,,,,,,,,,,,,,,,,,,,,,,,,
,,,,,,,,,,,,,,,,,,,,,,,,,,,
,,,,,,,,,,,,,,,,,,,,,,,,,,,
,,,,,,,,,,,,,,,,,,,,,,,,,,,
,,,,,,,,,,,,,,,,,,,,,,,,,,,
,,,,,,,,,,,,,,,,,,,,,,,,,,,
,,,,,,,,,,,,,,,,,,,,,,,,,,,
,,,,,,,,,,,,,,,,,,,,,,,,,,,
,,,,,,,,,,,,,,,,,,,,,,,,,,,
,,,,,,,,,,,,,,,,,,,,,,,,,,,
,,,,,,,,,,,,,,,,,,,,,,,,,,,
